Year,Grade,Competition,Venue,Match Date,Result,Man of the Match,Player,Captain,Batting Order
1992,A Grade,A GRADE,RUSHTON PARK,1992-03-14,Halls Head 4/191 def ROCKINGHAM 185,PETER WYLLIE,SHANE SHANAHAN,,1
1992,A Grade,A GRADE,RUSHTON PARK,1992-03-14,Halls Head 4/191 def ROCKINGHAM 185,PETER WYLLIE,JEFF DILLON,,2
1992,A Grade,A GRADE,RUSHTON PARK,1992-03-14,Halls Head 4/191 def ROCKINGHAM 185,PETER WYLLIE,IAN MACKINTOSH,,3
1992,A Grade,A GRADE,RUSHTON PARK,1992-03-14,Halls Head 4/191 def ROCKINGHAM 185,PETER WYLLIE,PAUL GILLAM,,4
1992,A Grade,A GRADE,RUSHTON PARK,1992-03-14,Halls Head 4/191 def ROCKINGHAM 185,PETER WYLLIE,PETER WYLLIE,,5
1992,A Grade,A GRADE,RUSHTON PARK,1992-03-14,Halls Head 4/191 def ROCKINGHAM 185,PETER WYLLIE,MARK ROWE,Yes,6
1992,A Grade,A GRADE,RUSHTON PARK,1992-03-14,Halls Head 4/191 def ROCKINGHAM 185,PETER WYLLIE,ASHLEY SMITH,,7
1992,A Grade,A GRADE,RUSHTON PARK,1992-03-14,Halls Head 4/191 def ROCKINGHAM 185,PETER WYLLIE,WAYNE STEVENSON,,8
1992,A Grade,A GRADE,RUSHTON PARK,1992-03-14,Halls Head 4/191 def ROCKINGHAM 185,PETER WYLLIE,WAYNE MORRISON,,9
1992,A Grade,A GRADE,RUSHTON PARK,1992-03-14,Halls Head 4/191 def ROCKINGHAM 185,PETER WYLLIE,JAMIE MALAYCHA,,10
1992,A Grade,A GRADE,RUSHTON PARK,1992-03-14,Halls Head 4/191 def ROCKINGHAM 185,PETER WYLLIE,ROGER WREN,,11
1995,A Grade,A GRADE,RUSHTON PARK,1995-04-01,Halls Head 5/170 def MANDURAH 168,PAUL GILLAM,LAURIE CROSS,,1
1995,A Grade,A GRADE,RUSHTON PARK,1995-04-01,Halls Head 5/170 def MANDURAH 168,PAUL GILLAM,JEFF DILLON,,2
1995,A Grade,A GRADE,RUSHTON PARK,1995-04-01,Halls Head 5/170 def MANDURAH 168,PAUL GILLAM,MARK ROWE,,3
1995,A Grade,A GRADE,RUSHTON PARK,1995-04-01,Halls Head 5/170 def MANDURAH 168,PAUL GILLAM,PAUL GILLAM,,4
1995,A Grade,A GRADE,RUSHTON PARK,1995-04-01,Halls Head 5/170 def MANDURAH 168,PAUL GILLAM,PETER WYLLIE,Yes,5
1995,A Grade,A GRADE,RUSHTON PARK,1995-04-01,Halls Head 5/170 def MANDURAH 168,PAUL GILLAM,SHANE SHANAHAN,,6
1995,A Grade,A GRADE,RUSHTON PARK,1995-04-01,Halls Head 5/170 def MANDURAH 168,PAUL GILLAM,RAY SMITH,,7
1995,A Grade,A GRADE,RUSHTON PARK,1995-04-01,Halls Head 5/170 def MANDURAH 168,PAUL GILLAM,WAYNE REID,,8
1995,A Grade,A GRADE,RUSHTON PARK,1995-04-01,Halls Head 5/170 def MANDURAH 168,PAUL GILLAM,CHRIS PHELPS,,9
1995,A Grade,A GRADE,RUSHTON PARK,1995-04-01,Halls Head 5/170 def MANDURAH 168,PAUL GILLAM,MICK O'BRIEN,,10
1995,A Grade,A GRADE,RUSHTON PARK,1995-04-01,Halls Head 5/170 def MANDURAH 168,PAUL GILLAM,ROGER WREN,,11
1996,A Grade,A GRADE,RUSHTON PARK,1996-03-30,Halls Head 8/191 def MANDURAH 132,ALLAN WILLEY,SHANE SHANAHAN,,1
1996,A Grade,A GRADE,RUSHTON PARK,1996-03-30,Halls Head 8/191 def MANDURAH 132,ALLAN WILLEY,LAURIE CROSS,,2
1996,A Grade,A GRADE,RUSHTON PARK,1996-03-30,Halls Head 8/191 def MANDURAH 132,ALLAN WILLEY,CHRIS PHELPS,,3
1996,A Grade,A GRADE,RUSHTON PARK,1996-03-30,Halls Head 8/191 def MANDURAH 132,ALLAN WILLEY,IAN MACKINTOSH,,4
1996,A Grade,A GRADE,RUSHTON PARK,1996-03-30,Halls Head 8/191 def MANDURAH 132,ALLAN WILLEY,PAUL GILLAM,,5
1996,A Grade,A GRADE,RUSHTON PARK,1996-03-30,Halls Head 8/191 def MANDURAH 132,ALLAN WILLEY,PETER WYLLIE,Yes,6
1996,A Grade,A GRADE,RUSHTON PARK,1996-03-30,Halls Head 8/191 def MANDURAH 132,ALLAN WILLEY,WAYNE REID,,7
1996,A Grade,A GRADE,RUSHTON PARK,1996-03-30,Halls Head 8/191 def MANDURAH 132,ALLAN WILLEY,MAX CROOK,,8
1996,A Grade,A GRADE,RUSHTON PARK,1996-03-30,Halls Head 8/191 def MANDURAH 132,ALLAN WILLEY,MARK ROWE,,9
1996,A Grade,A GRADE,RUSHTON PARK,1996-03-30,Halls Head 8/191 def MANDURAH 132,ALLAN WILLEY,ALLAN WILLEY,,10
1996,A Grade,A GRADE,RUSHTON PARK,1996-03-30,Halls Head 8/191 def MANDURAH 132,ALLAN WILLEY,ROGER WREN,,11
1997,A Grade,A GRADE,RUSHTON PARK,1997-03-22,Halls Head 5/127 def MANDURAH 124,PAUL GILLAM,LEIGH BURNS,,1
1997,A Grade,A GRADE,RUSHTON PARK,1997-03-22,Halls Head 5/127 def MANDURAH 124,PAUL GILLAM,CHRIS PHELPS,,2
1997,A Grade,A GRADE,RUSHTON PARK,1997-03-22,Halls Head 5/127 def MANDURAH 124,PAUL GILLAM,PAUL GILLAM,,3
1997,A Grade,A GRADE,RUSHTON PARK,1997-03-22,Halls Head 5/127 def MANDURAH 124,PAUL GILLAM,DALE BURNS,,4
1997,A Grade,A GRADE,RUSHTON PARK,1997-03-22,Halls Head 5/127 def MANDURAH 124,PAUL GILLAM,PETER WYLLIE,Yes,5
1997,A Grade,A GRADE,RUSHTON PARK,1997-03-22,Halls Head 5/127 def MANDURAH 124,PAUL GILLAM,WAYNE REID,,6
1997,A Grade,A GRADE,RUSHTON PARK,1997-03-22,Halls Head 5/127 def MANDURAH 124,PAUL GILLAM,MAX CROOK,,7
1997,A Grade,A GRADE,RUSHTON PARK,1997-03-22,Halls Head 5/127 def MANDURAH 124,PAUL GILLAM,MARK ROWE,,8
1997,A Grade,A GRADE,RUSHTON PARK,1997-03-22,Halls Head 5/127 def MANDURAH 124,PAUL GILLAM,CHRIS BAKER,,9
1997,A Grade,A GRADE,RUSHTON PARK,1997-03-22,Halls Head 5/127 def MANDURAH 124,PAUL GILLAM,ALLAN WILLEY,,10
1997,A Grade,A GRADE,RUSHTON PARK,1997-03-22,Halls Head 5/127 def MANDURAH 124,PAUL GILLAM,ROGER WREN,,11
1997,B Grade,B GRADE,PEELWOOD #2,1997-03-22,Halls Head 6/173 def WAROONA 8/171,PHIL BAILEY,PETER HUNTER,,1
1997,B Grade,B GRADE,PEELWOOD #2,1997-03-22,Halls Head 6/173 def WAROONA 8/171,PHIL BAILEY,LAURIE CROSS,,2
1997,B Grade,B GRADE,PEELWOOD #2,1997-03-22,Halls Head 6/173 def WAROONA 8/171,PHIL BAILEY,PHIL BAILEY,,3
1997,B Grade,B GRADE,PEELWOOD #2,1997-03-22,Halls Head 6/173 def WAROONA 8/171,PHIL BAILEY,JEFF DILLON,,4
1997,B Grade,B GRADE,PEELWOOD #2,1997-03-22,Halls Head 6/173 def WAROONA 8/171,PHIL BAILEY,MICK O'BRIEN,,5
1997,B Grade,B GRADE,PEELWOOD #2,1997-03-22,Halls Head 6/173 def WAROONA 8/171,PHIL BAILEY,MARTIN CRUMP,Yes,6
1997,B Grade,B GRADE,PEELWOOD #2,1997-03-22,Halls Head 6/173 def WAROONA 8/171,PHIL BAILEY,BRIAN CULLEN,,7
1997,B Grade,B GRADE,PEELWOOD #2,1997-03-22,Halls Head 6/173 def WAROONA 8/171,PHIL BAILEY,JUSTIN LOCKYER,,8
1997,B Grade,B GRADE,PEELWOOD #2,1997-03-22,Halls Head 6/173 def WAROONA 8/171,PHIL BAILEY,IAN WALLACE,,9
1997,B Grade,B GRADE,PEELWOOD #2,1997-03-22,Halls Head 6/173 def WAROONA 8/171,PHIL BAILEY,DENNIS BLAND,,10
1997,B Grade,B GRADE,PEELWOOD #2,1997-03-22,Halls Head 6/173 def WAROONA 8/171,PHIL BAILEY,RICHIE STEVENSON,,11
1998,A Grade,A GRADE,WAROONA,1998-03-28,Halls Head 9/158 def OLD IRWINIANS 156,PETER WYLLIE,LEIGH BURNS,,1
1998,A Grade,A GRADE,WAROONA,1998-03-28,Halls Head 9/158 def OLD IRWINIANS 156,PETER WYLLIE,DARRYL MORGAN,,2
1998,A Grade,A GRADE,WAROONA,1998-03-28,Halls Head 9/158 def OLD IRWINIANS 156,PETER WYLLIE,MAX CROOK,,3
1998,A Grade,A GRADE,WAROONA,1998-03-28,Halls Head 9/158 def OLD IRWINIANS 156,PETER WYLLIE,CHRIS BAKER,,4
1998,A Grade,A GRADE,WAROONA,1998-03-28,Halls Head 9/158 def OLD IRWINIANS 156,PETER WYLLIE,DALE BURNS,Yes,5
1998,A Grade,A GRADE,WAROONA,1998-03-28,Halls Head 9/158 def OLD IRWINIANS 156,PETER WYLLIE,PAUL GILLAM,,6
1998,A Grade,A GRADE,WAROONA,1998-03-28,Halls Head 9/158 def OLD IRWINIANS 156,PETER WYLLIE,PETER WYLLIE,,7
1998,A Grade,A GRADE,WAROONA,1998-03-28,Halls Head 9/158 def OLD IRWINIANS 156,PETER WYLLIE,SHANE SHANAHAN,,8
1998,A Grade,A GRADE,WAROONA,1998-03-28,Halls Head 9/158 def OLD IRWINIANS 156,PETER WYLLIE,WAYNE REID,,9
1998,A Grade,A GRADE,WAROONA,1998-03-28,Halls Head 9/158 def OLD IRWINIANS 156,PETER WYLLIE,ALLAN WILLEY,,10
1998,A Grade,A GRADE,WAROONA,1998-03-28,Halls Head 9/158 def OLD IRWINIANS 156,PETER WYLLIE,ROGER WREN,,11
1998,B Grade,B GRADE,PEELWOOD #2,1998-03-28,Halls Head 8/177 def OLD IRWINIANS 156,LAURIE CROSS,LAURIE CROSS,,1
1998,B Grade,B GRADE,PEELWOOD #2,1998-03-28,Halls Head 8/177 def OLD IRWINIANS 156,LAURIE CROSS,PHIL BAILEY,,2
1998,B Grade,B GRADE,PEELWOOD #2,1998-03-28,Halls Head 8/177 def OLD IRWINIANS 156,LAURIE CROSS,MARK ROWE,,3
1998,B Grade,B GRADE,PEELWOOD #2,1998-03-28,Halls Head 8/177 def OLD IRWINIANS 156,LAURIE CROSS,MICK O'BRIEN,,4
1998,B Grade,B GRADE,PEELWOOD #2,1998-03-28,Halls Head 8/177 def OLD IRWINIANS 156,LAURIE CROSS,ROBBIE LEAHY,,5
1998,B Grade,B GRADE,PEELWOOD #2,1998-03-28,Halls Head 8/177 def OLD IRWINIANS 156,LAURIE CROSS,STEVE COX,,6
1998,B Grade,B GRADE,PEELWOOD #2,1998-03-28,Halls Head 8/177 def OLD IRWINIANS 156,LAURIE CROSS,MARTIN CRUMP,Yes,7
1998,B Grade,B GRADE,PEELWOOD #2,1998-03-28,Halls Head 8/177 def OLD IRWINIANS 156,LAURIE CROSS,IAN WALLACE,,8
1998,B Grade,B GRADE,PEELWOOD #2,1998-03-28,Halls Head 8/177 def OLD IRWINIANS 156,LAURIE CROSS,JUSTIN LOCKYER,,9
1998,B Grade,B GRADE,PEELWOOD #2,1998-03-28,Halls Head 8/177 def OLD IRWINIANS 156,LAURIE CROSS,RICHIE STEVENSON,,10
1998,B Grade,B GRADE,PEELWOOD #2,1998-03-28,Halls Head 8/177 def OLD IRWINIANS 156,LAURIE CROSS,MICK STANLEY,,11
1999,A Grade,A GRADE,PEELWOOD #1,1999-03-27,Halls Head 6/103 def WAROONA 102,LAURIE CROSS,SHANE SHANAHAN,,1
1999,A Grade,A GRADE,PEELWOOD #1,1999-03-27,Halls Head 6/103 def WAROONA 102,LAURIE CROSS,LEIGH BURNS,,2
1999,A Grade,A GRADE,PEELWOOD #1,1999-03-27,Halls Head 6/103 def WAROONA 102,LAURIE CROSS,LAURIE CROSS,,3
1999,A Grade,A GRADE,PEELWOOD #1,1999-03-27,Halls Head 6/103 def WAROONA 102,LAURIE CROSS,PAUL GILLAM,,4
1999,A Grade,A GRADE,PEELWOOD #1,1999-03-27,Halls Head 6/103 def WAROONA 102,LAURIE CROSS,PETER WYLLIE,,5
1999,A Grade,A GRADE,PEELWOOD #1,1999-03-27,Halls Head 6/103 def WAROONA 102,LAURIE CROSS,ROBBIE LEAHY,,6
1999,A Grade,A GRADE,PEELWOOD #1,1999-03-27,Halls Head 6/103 def WAROONA 102,LAURIE CROSS,WAYNE REID,,7
1999,A Grade,A GRADE,PEELWOOD #1,1999-03-27,Halls Head 6/103 def WAROONA 102,LAURIE CROSS,CRAIG THRELFALL,,8
1999,A Grade,A GRADE,PEELWOOD #1,1999-03-27,Halls Head 6/103 def WAROONA 102,LAURIE CROSS,DARRYL MORGAN,,9
1999,A Grade,A GRADE,PEELWOOD #1,1999-03-27,Halls Head 6/103 def WAROONA 102,LAURIE CROSS,ALLAN WILLEY,,10
1999,A Grade,A GRADE,PEELWOOD #1,1999-03-27,Halls Head 6/103 def WAROONA 102,LAURIE CROSS,ROGER WREN,Yes,11
1999,B Grade,B GRADE,PEELWOOD #2,1999-03-27,Halls Head 163 tied OLD IRWINIANS 163,DON SKIPWORTH,CHRIS BAKER,Yes,1
1999,B Grade,B GRADE,PEELWOOD #2,1999-03-27,Halls Head 163 tied OLD IRWINIANS 163,DON SKIPWORTH,BRIAN CULLEN,,2
1999,B Grade,B GRADE,PEELWOOD #2,1999-03-27,Halls Head 163 tied OLD IRWINIANS 163,DON SKIPWORTH,MARTIN CRUMP,,3
1999,B Grade,B GRADE,PEELWOOD #2,1999-03-27,Halls Head 163 tied OLD IRWINIANS 163,DON SKIPWORTH,DON SKIPWORTH,,4
1999,B Grade,B GRADE,PEELWOOD #2,1999-03-27,Halls Head 163 tied OLD IRWINIANS 163,DON SKIPWORTH,PETER RADCLIFFE,,5
1999,B Grade,B GRADE,PEELWOOD #2,1999-03-27,Halls Head 163 tied OLD IRWINIANS 163,DON SKIPWORTH,BEN MARCH,,6
1999,B Grade,B GRADE,PEELWOOD #2,1999-03-27,Halls Head 163 tied OLD IRWINIANS 163,DON SKIPWORTH,IAN WALLACE,,7
1999,B Grade,B GRADE,PEELWOOD #2,1999-03-27,Halls Head 163 tied OLD IRWINIANS 163,DON SKIPWORTH,PHIL WIRTH,,8
1999,B Grade,B GRADE,PEELWOOD #2,1999-03-27,Halls Head 163 tied OLD IRWINIANS 163,DON SKIPWORTH,CHRIS WREN,,9
1999,B Grade,B GRADE,PEELWOOD #2,1999-03-27,Halls Head 163 tied OLD IRWINIANS 163,DON SKIPWORTH,MICK STANLEY,,10
1999,B Grade,B GRADE,PEELWOOD #2,1999-03-27,Halls Head 163 tied OLD IRWINIANS 163,DON SKIPWORTH,DEAN PATTERSON,,11
2001,A Grade,A GRADE,PEELWOOD #1,2001-03-31,Halls Head 137 def WAROONA 106,DALE BURNS,DALE BURNS,,1
2001,A Grade,A GRADE,PEELWOOD #1,2001-03-31,Halls Head 137 def WAROONA 106,DALE BURNS,CHRIS PHELPS,,2
2001,A Grade,A GRADE,PEELWOOD #1,2001-03-31,Halls Head 137 def WAROONA 106,DALE BURNS,PETER WYLLIE,,3
2001,A Grade,A GRADE,PEELWOOD #1,2001-03-31,Halls Head 137 def WAROONA 106,DALE BURNS,LEIGH BURNS,Yes,4
2001,A Grade,A GRADE,PEELWOOD #1,2001-03-31,Halls Head 137 def WAROONA 106,DALE BURNS,RIAN ELLIOT,,5
2001,A Grade,A GRADE,PEELWOOD #1,2001-03-31,Halls Head 137 def WAROONA 106,DALE BURNS,NIGEL COE,,6
2001,A Grade,A GRADE,PEELWOOD #1,2001-03-31,Halls Head 137 def WAROONA 106,DALE BURNS,PAUL GILLAM,,7
2001,A Grade,A GRADE,PEELWOOD #1,2001-03-31,Halls Head 137 def WAROONA 106,DALE BURNS,MARK ROWE,,8
2001,A Grade,A GRADE,PEELWOOD #1,2001-03-31,Halls Head 137 def WAROONA 106,DALE BURNS,RON COLES,,9
2001,A Grade,A GRADE,PEELWOOD #1,2001-03-31,Halls Head 137 def WAROONA 106,DALE BURNS,WAYNE REID,,10
2001,A Grade,A GRADE,PEELWOOD #1,2001-03-31,Halls Head 137 def WAROONA 106,DALE BURNS,ALLAN WILLEY,,11
2001,A Grade,A GRADE,PEELWOOD #1,2001-03-31,Halls Head 137 def WAROONA 106,DALE BURNS,ROGER WREN,,12
2001,B Grade,B GRADE,PEELWOOD #2,2001-03-31,Halls Head 2/134 def OLD IRWINIANS 132,RAY SMEDLEY,CHRIS BAKER,,1
2001,B Grade,B GRADE,PEELWOOD #2,2001-03-31,Halls Head 2/134 def OLD IRWINIANS 132,RAY SMEDLEY,AARON FITZPATRICK,,2
2001,B Grade,B GRADE,PEELWOOD #2,2001-03-31,Halls Head 2/134 def OLD IRWINIANS 132,RAY SMEDLEY,PETER RADCLIFFE,,3
2001,B Grade,B GRADE,PEELWOOD #2,2001-03-31,Halls Head 2/134 def OLD IRWINIANS 132,RAY SMEDLEY,RAY SMEDLEY,,4
2001,B Grade,B GRADE,PEELWOOD #2,2001-03-31,Halls Head 2/134 def OLD IRWINIANS 132,RAY SMEDLEY,IAN BRAY,,5
2001,B Grade,B GRADE,PEELWOOD #2,2001-03-31,Halls Head 2/134 def OLD IRWINIANS 132,RAY SMEDLEY,DON SKIPWORTH,,6
2001,B Grade,B GRADE,PEELWOOD #2,2001-03-31,Halls Head 2/134 def OLD IRWINIANS 132,RAY SMEDLEY,ROB LAWSON,,7
2001,B Grade,B GRADE,PEELWOOD #2,2001-03-31,Halls Head 2/134 def OLD IRWINIANS 132,RAY SMEDLEY,BRIAN O'DONNELL,,8
2001,B Grade,B GRADE,PEELWOOD #2,2001-03-31,Halls Head 2/134 def OLD IRWINIANS 132,RAY SMEDLEY,JUSTIN LOCKYER,Yes,9
2001,B Grade,B GRADE,PEELWOOD #2,2001-03-31,Halls Head 2/134 def OLD IRWINIANS 132,RAY SMEDLEY,BRIAN CULLEN,,10
2001,B Grade,B GRADE,PEELWOOD #2,2001-03-31,Halls Head 2/134 def OLD IRWINIANS 132,RAY SMEDLEY,MATT BLACKWELL,,11
2001,B Grade,B GRADE,PEELWOOD #2,2001-03-31,Halls Head 2/134 def OLD IRWINIANS 132,RAY SMEDLEY,CHRIS HICKMAN,,12
2002,A Grade,A GRADE,WARNBRO #1,2002-03-23,Halls Head 8/215 def MANDURAH 196,PETER WYLLIE,DALE BURNS,,1
2002,A Grade,A GRADE,WARNBRO #1,2002-03-23,Halls Head 8/215 def MANDURAH 196,PETER WYLLIE,PETER RADCLIFFE,,2
2002,A Grade,A GRADE,WARNBRO #1,2002-03-23,Halls Head 8/215 def MANDURAH 196,PETER WYLLIE,LEIGH BURNS,Yes,3
2002,A Grade,A GRADE,WARNBRO #1,2002-03-23,Halls Head 8/215 def MANDURAH 196,PETER WYLLIE,CHRIS PHELPS,,4
2002,A Grade,A GRADE,WARNBRO #1,2002-03-23,Halls Head 8/215 def MANDURAH 196,PETER WYLLIE,PETER WYLLIE,,5
2002,A Grade,A GRADE,WARNBRO #1,2002-03-23,Halls Head 8/215 def MANDURAH 196,PETER WYLLIE,RON COLES,,6
2002,A Grade,A GRADE,WARNBRO #1,2002-03-23,Halls Head 8/215 def MANDURAH 196,PETER WYLLIE,MARK ROWE,,7
2002,A Grade,A GRADE,WARNBRO #1,2002-03-23,Halls Head 8/215 def MANDURAH 196,PETER WYLLIE,WAYNE REID,,8
2002,A Grade,A GRADE,WARNBRO #1,2002-03-23,Halls Head 8/215 def MANDURAH 196,PETER WYLLIE,ALLAN WILLEY,,9
2002,A Grade,A GRADE,WARNBRO #1,2002-03-23,Halls Head 8/215 def MANDURAH 196,PETER WYLLIE,ROGER WREN,,10
2002,A Grade,A GRADE,WARNBRO #1,2002-03-23,Halls Head 8/215 def MANDURAH 196,PETER WYLLIE,DARRYL MORGAN,,11
2002,A Grade,A GRADE,WARNBRO #1,2002-03-23,Halls Head 8/215 def MANDURAH 196,PETER WYLLIE,DALE GUMBLETON,,12
2002,B Grade,B GRADE,WARNBRO #2,2002-03-23,Halls Head 134 def SHOALWATER 89,BRIAN CULLEN,RAY SMEDLEY,,1
2002,B Grade,B GRADE,WARNBRO #2,2002-03-23,Halls Head 134 def SHOALWATER 89,BRIAN CULLEN,BRAD SMITH,,2
2002,B Grade,B GRADE,WARNBRO #2,2002-03-23,Halls Head 134 def SHOALWATER 89,BRIAN CULLEN,MARK CHAPELHOW,,3
2002,B Grade,B GRADE,WARNBRO #2,2002-03-23,Halls Head 134 def SHOALWATER 89,BRIAN CULLEN,BRIAN O'DONNELL,,4
2002,B Grade,B GRADE,WARNBRO #2,2002-03-23,Halls Head 134 def SHOALWATER 89,BRIAN CULLEN,IAN BRAY,,5
2002,B Grade,B GRADE,WARNBRO #2,2002-03-23,Halls Head 134 def SHOALWATER 89,BRIAN CULLEN,JUSTIN LOCKYER,Yes,6
2002,B Grade,B GRADE,WARNBRO #2,2002-03-23,Halls Head 134 def SHOALWATER 89,BRIAN CULLEN,ROB LAWSON,,7
2002,B Grade,B GRADE,WARNBRO #2,2002-03-23,Halls Head 134 def SHOALWATER 89,BRIAN CULLEN,DON SKIPWORTH,,8
2002,B Grade,B GRADE,WARNBRO #2,2002-03-23,Halls Head 134 def SHOALWATER 89,BRIAN CULLEN,MATT BLACKWELL,,9
2002,B Grade,B GRADE,WARNBRO #2,2002-03-23,Halls Head 134 def SHOALWATER 89,BRIAN CULLEN,BRIAN CULLEN,,10
2002,B Grade,B GRADE,WARNBRO #2,2002-03-23,Halls Head 134 def SHOALWATER 89,BRIAN CULLEN,AARON FITZPATRICK,,11
2002,B Grade,B GRADE,WARNBRO #2,2002-03-23,Halls Head 134 def SHOALWATER 89,BRIAN CULLEN,CHRIS HICKMAN,,12
2003,A Grade,A GRADE,PEELWOOD #1,2003-03-29,Halls Head 8/231 def MANDURAH 80,LEIGH BURNS,DALE BURNS,,1
2003,A Grade,A GRADE,PEELWOOD #1,2003-03-29,Halls Head 8/231 def MANDURAH 80,LEIGH BURNS,TREVOR ANNING,,2
2003,A Grade,A GRADE,PEELWOOD #1,2003-03-29,Halls Head 8/231 def MANDURAH 80,LEIGH BURNS,MARK CHAPELHOW,,3
2003,A Grade,A GRADE,PEELWOOD #1,2003-03-29,Halls Head 8/231 def MANDURAH 80,LEIGH BURNS,LEIGH BURNS,Yes,4
2003,A Grade,A GRADE,PEELWOOD #1,2003-03-29,Halls Head 8/231 def MANDURAH 80,LEIGH BURNS,CHRIS PHELPS,,5
2003,A Grade,A GRADE,PEELWOOD #1,2003-03-29,Halls Head 8/231 def MANDURAH 80,LEIGH BURNS,DAVID LOVELL,,6
2003,A Grade,A GRADE,PEELWOOD #1,2003-03-29,Halls Head 8/231 def MANDURAH 80,LEIGH BURNS,PETER WYLLIE,,7
2003,A Grade,A GRADE,PEELWOOD #1,2003-03-29,Halls Head 8/231 def MANDURAH 80,LEIGH BURNS,WAYNE REID,,8
2003,A Grade,A GRADE,PEELWOOD #1,2003-03-29,Halls Head 8/231 def MANDURAH 80,LEIGH BURNS,CHRIS BAKER,,9
2003,A Grade,A GRADE,PEELWOOD #1,2003-03-29,Halls Head 8/231 def MANDURAH 80,LEIGH BURNS,MATT GUYTON,,10
2003,A Grade,A GRADE,PEELWOOD #1,2003-03-29,Halls Head 8/231 def MANDURAH 80,LEIGH BURNS,ROGER WREN,,11
2003,A Grade,A GRADE,PEELWOOD #1,2003-03-29,Halls Head 8/231 def MANDURAH 80,LEIGH BURNS,BRIAN CULLEN,,12
2005,A Grade,A GRADE,PEELWOOD #1,2005-03-19,Halls Head 8/179 def MANDURAH 9/175,RICK TYSON,DALE BURNS,,1
2005,A Grade,A GRADE,PEELWOOD #1,2005-03-19,Halls Head 8/179 def MANDURAH 9/175,RICK TYSON,MARK CHAPELHOW,,2
2005,A Grade,A GRADE,PEELWOOD #1,2005-03-19,Halls Head 8/179 def MANDURAH 9/175,RICK TYSON,CHRIS PHELPS,,3
2005,A Grade,A GRADE,PEELWOOD #1,2005-03-19,Halls Head 8/179 def MANDURAH 9/175,RICK TYSON,MICHAEL HOLMES,,4
2005,A Grade,A GRADE,PEELWOOD #1,2005-03-19,Halls Head 8/179 def MANDURAH 9/175,RICK TYSON,PETER WYLLIE,,5
2005,A Grade,A GRADE,PEELWOOD #1,2005-03-19,Halls Head 8/179 def MANDURAH 9/175,RICK TYSON,BRENDON KING,Yes,6
2005,A Grade,A GRADE,PEELWOOD #1,2005-03-19,Halls Head 8/179 def MANDURAH 9/175,RICK TYSON,PAUL GILLAM,,7
2005,A Grade,A GRADE,PEELWOOD #1,2005-03-19,Halls Head 8/179 def MANDURAH 9/175,RICK TYSON,CRAIG WHITE,,8
2005,A Grade,A GRADE,PEELWOOD #1,2005-03-19,Halls Head 8/179 def MANDURAH 9/175,RICK TYSON,CHRIS BAKER,,9
2005,A Grade,A GRADE,PEELWOOD #1,2005-03-19,Halls Head 8/179 def MANDURAH 9/175,RICK TYSON,RICK TYSON,,10
2005,A Grade,A GRADE,PEELWOOD #1,2005-03-19,Halls Head 8/179 def MANDURAH 9/175,RICK TYSON,AARON THOMAS,,11
2005,A Grade,A GRADE,PEELWOOD #1,2005-03-19,Halls Head 8/179 def MANDURAH 9/175,RICK TYSON,JUDD PRENTICE,,12
2006,A Grade,A GRADE,STAN TWIGHT EAST,2006-03-25,Halls Head 8/227 def MANDURAH 7/223,CARY GREEN,CARY GREEN,,1
2006,A Grade,A GRADE,STAN TWIGHT EAST,2006-03-25,Halls Head 8/227 def MANDURAH 7/223,CARY GREEN,NATHAN HOGG,,2
2006,A Grade,A GRADE,STAN TWIGHT EAST,2006-03-25,Halls Head 8/227 def MANDURAH 7/223,CARY GREEN,BRENDON KING,Yes,3
2006,A Grade,A GRADE,STAN TWIGHT EAST,2006-03-25,Halls Head 8/227 def MANDURAH 7/223,CARY GREEN,DALE BURNS,,4
2006,A Grade,A GRADE,STAN TWIGHT EAST,2006-03-25,Halls Head 8/227 def MANDURAH 7/223,CARY GREEN,PETER WYLLIE,,5
2006,A Grade,A GRADE,STAN TWIGHT EAST,2006-03-25,Halls Head 8/227 def MANDURAH 7/223,CARY GREEN,CHRIS PHELPS,,6
2006,A Grade,A GRADE,STAN TWIGHT EAST,2006-03-25,Halls Head 8/227 def MANDURAH 7/223,CARY GREEN,MICHAEL HOLMES,,7
2006,A Grade,A GRADE,STAN TWIGHT EAST,2006-03-25,Halls Head 8/227 def MANDURAH 7/223,CARY GREEN,MARK CHAPELHOW,,8
2006,A Grade,A GRADE,STAN TWIGHT EAST,2006-03-25,Halls Head 8/227 def MANDURAH 7/223,CARY GREEN,WAYNE REID,,9
2006,A Grade,A GRADE,STAN TWIGHT EAST,2006-03-25,Halls Head 8/227 def MANDURAH 7/223,CARY GREEN,ROD TREGENZA,,10
2006,A Grade,A GRADE,STAN TWIGHT EAST,2006-03-25,Halls Head 8/227 def MANDURAH 7/223,CARY GREEN,SIMON NOBLE,,11
2006,B Grade,B GRADE,CAREEBA,2006-03-25,Halls Head 8/164 def SAFETY BAY 162,,DARREN JEFFREY,,1
2006,B Grade,B GRADE,CAREEBA,2006-03-25,Halls Head 8/164 def SAFETY BAY 162,,MITCH GREEN,,2
2006,B Grade,B GRADE,CAREEBA,2006-03-25,Halls Head 8/164 def SAFETY BAY 162,,IAN BRAY,,3
2006,B Grade,B GRADE,CAREEBA,2006-03-25,Halls Head 8/164 def SAFETY BAY 162,,CHRIS BAKER,,4
2006,B Grade,B GRADE,CAREEBA,2006-03-25,Halls Head 8/164 def SAFETY BAY 162,,DARRYL MORGAN,,5
2006,B Grade,B GRADE,CAREEBA,2006-03-25,Halls Head 8/164 def SAFETY BAY 162,,DEAN FRISKIN,,6
2006,B Grade,B GRADE,CAREEBA,2006-03-25,Halls Head 8/164 def SAFETY BAY 162,,KARAN MEHTA,,7
2006,B Grade,B GRADE,CAREEBA,2006-03-25,Halls Head 8/164 def SAFETY BAY 162,,MICHAEL GRIFFITHS,,8
2006,B Grade,B GRADE,CAREEBA,2006-03-25,Halls Head 8/164 def SAFETY BAY 162,,JASON CLARKE,,9
2006,B Grade,B GRADE,CAREEBA,2006-03-25,Halls Head 8/164 def SAFETY BAY 162,,ANTHONY BROKATE,,10
2006,B Grade,B GRADE,CAREEBA,2006-03-25,Halls Head 8/164 def SAFETY BAY 162,,CHRIS HICKMAN,Yes,11
2006,B Grade,B GRADE,CAREEBA,2006-03-25,Halls Head 8/164 def SAFETY BAY 162,,DENNIS BLAND,,12
2007,A Grade,A GRADE,PEELWOOD #1,2007-03-24,Halls Head 8/211 def PINJARRA 210,PETER WYLLIE,DALE BURNS,,1
2007,A Grade,A GRADE,PEELWOOD #1,2007-03-24,Halls Head 8/211 def PINJARRA 210,PETER WYLLIE,LEIGH BURNS,,2
2007,A Grade,A GRADE,PEELWOOD #1,2007-03-24,Halls Head 8/211 def PINJARRA 210,PETER WYLLIE,MARK CHAPELHOW,,3
2007,A Grade,A GRADE,PEELWOOD #1,2007-03-24,Halls Head 8/211 def PINJARRA 210,PETER WYLLIE,BRENDON KING,,4
2007,A Grade,A GRADE,PEELWOOD #1,2007-03-24,Halls Head 8/211 def PINJARRA 210,PETER WYLLIE,PETER WYLLIE,,5
2007,A Grade,A GRADE,PEELWOOD #1,2007-03-24,Halls Head 8/211 def PINJARRA 210,PETER WYLLIE,CHRIS PHELPS,Yes,6
2007,A Grade,A GRADE,PEELWOOD #1,2007-03-24,Halls Head 8/211 def PINJARRA 210,PETER WYLLIE,CRAIG WHITE,,7
2007,A Grade,A GRADE,PEELWOOD #1,2007-03-24,Halls Head 8/211 def PINJARRA 210,PETER WYLLIE,MICK CARLTON,,8
2007,A Grade,A GRADE,PEELWOOD #1,2007-03-24,Halls Head 8/211 def PINJARRA 210,PETER WYLLIE,WADE BLOM,,9
2007,A Grade,A GRADE,PEELWOOD #1,2007-03-24,Halls Head 8/211 def PINJARRA 210,PETER WYLLIE,WAYNE REID,,10
2007,A Grade,A GRADE,PEELWOOD #1,2007-03-24,Halls Head 8/211 def PINJARRA 210,PETER WYLLIE,MATT GUYTON,,11
2007,A Grade,A GRADE,PEELWOOD #1,2007-03-24,Halls Head 8/211 def PINJARRA 210,PETER WYLLIE,ANTHONY BROKATE,,12
2008,C Grade,C GRADE,SINGLETON NORTH,2008-03-15,Halls Head 9/179 def PINJARRA 113,DENNIS BLAND,DARREN JEFFREY,Yes,1
2008,C Grade,C GRADE,SINGLETON NORTH,2008-03-15,Halls Head 9/179 def PINJARRA 113,DENNIS BLAND,DEAN FINLAY,,2
2008,C Grade,C GRADE,SINGLETON NORTH,2008-03-15,Halls Head 9/179 def PINJARRA 113,DENNIS BLAND,PETER WYLLIE,,3
2008,C Grade,C GRADE,SINGLETON NORTH,2008-03-15,Halls Head 9/179 def PINJARRA 113,DENNIS BLAND,ANDREW KELMAN,,4
2008,C Grade,C GRADE,SINGLETON NORTH,2008-03-15,Halls Head 9/179 def PINJARRA 113,DENNIS BLAND,KARAN MEHTA,,5
2008,C Grade,C GRADE,SINGLETON NORTH,2008-03-15,Halls Head 9/179 def PINJARRA 113,DENNIS BLAND,MARTIN CRUMP,,6
2008,C Grade,C GRADE,SINGLETON NORTH,2008-03-15,Halls Head 9/179 def PINJARRA 113,DENNIS BLAND,ROD TREGENZA,,7
2008,C Grade,C GRADE,SINGLETON NORTH,2008-03-15,Halls Head 9/179 def PINJARRA 113,DENNIS BLAND,CHRIS BAKER,,8
2008,C Grade,C GRADE,SINGLETON NORTH,2008-03-15,Halls Head 9/179 def PINJARRA 113,DENNIS BLAND,PETER BOYCE,,9
2008,C Grade,C GRADE,SINGLETON NORTH,2008-03-15,Halls Head 9/179 def PINJARRA 113,DENNIS BLAND,STEVE HOWELL,,10
2008,C Grade,C GRADE,SINGLETON NORTH,2008-03-15,Halls Head 9/179 def PINJARRA 113,DENNIS BLAND,DENNIS BLAND,,11
2008,C Grade,C GRADE,SINGLETON NORTH,2008-03-15,Halls Head 9/179 def PINJARRA 113,DENNIS BLAND,LEIGH ELDER,,12
2009,A Grade,A GRADE,STAN TWIGHT EAST,2009-03-23,Halls Head 195 def SHOALWATER 146,CHRIS PHELPS,DAVE LOVELL,,1
2009,A Grade,A GRADE,STAN TWIGHT EAST,2009-03-23,Halls Head 195 def SHOALWATER 146,CHRIS PHELPS,BRENNAN GILLAM,,2
2009,A Grade,A GRADE,STAN TWIGHT EAST,2009-03-23,Halls Head 195 def SHOALWATER 146,CHRIS PHELPS,CHRIS PHELPS,Yes,3
2009,A Grade,A GRADE,STAN TWIGHT EAST,2009-03-23,Halls Head 195 def SHOALWATER 146,CHRIS PHELPS,BRENDON KING,,4
2009,A Grade,A GRADE,STAN TWIGHT EAST,2009-03-23,Halls Head 195 def SHOALWATER 146,CHRIS PHELPS,DALE BURNS,,5
2009,A Grade,A GRADE,STAN TWIGHT EAST,2009-03-23,Halls Head 195 def SHOALWATER 146,CHRIS PHELPS,MITCH MORLEY,,6
2009,A Grade,A GRADE,STAN TWIGHT EAST,2009-03-23,Halls Head 195 def SHOALWATER 146,CHRIS PHELPS,JOSH PETERSON,,7
2009,A Grade,A GRADE,STAN TWIGHT EAST,2009-03-23,Halls Head 195 def SHOALWATER 146,CHRIS PHELPS,GRANT MATTHEWS,,8
2009,A Grade,A GRADE,STAN TWIGHT EAST,2009-03-23,Halls Head 195 def SHOALWATER 146,CHRIS PHELPS,MATT GUYTON,,9
2009,A Grade,A GRADE,STAN TWIGHT EAST,2009-03-23,Halls Head 195 def SHOALWATER 146,CHRIS PHELPS,MATT GORDON,,10
2009,A Grade,A GRADE,STAN TWIGHT EAST,2009-03-23,Halls Head 195 def SHOALWATER 146,CHRIS PHELPS,ROGER WREN,,11
2009,A Grade,A GRADE,STAN TWIGHT EAST,2009-03-23,Halls Head 195 def SHOALWATER 146,CHRIS PHELPS,LIAM BLAMPIED,,12
2009,C Grade,C GRADE,PEELWOOD #2,2009-03-28,Halls Head 2/75 def WAROONA 74,DARREN JEFFREY,DARREN JEFFREY,Yes,1
2009,C Grade,C GRADE,PEELWOOD #2,2009-03-28,Halls Head 2/75 def WAROONA 74,DARREN JEFFREY,DEAN FINLAY,,2
2009,C Grade,C GRADE,PEELWOOD #2,2009-03-28,Halls Head 2/75 def WAROONA 74,DARREN JEFFREY,ANDREW KELMAN,,3
2009,C Grade,C GRADE,PEELWOOD #2,2009-03-28,Halls Head 2/75 def WAROONA 74,DARREN JEFFREY,PETER WYLLIE,,4
2009,C Grade,C GRADE,PEELWOOD #2,2009-03-28,Halls Head 2/75 def WAROONA 74,DARREN JEFFREY,BRAD SMITH,,5
2009,C Grade,C GRADE,PEELWOOD #2,2009-03-28,Halls Head 2/75 def WAROONA 74,DARREN JEFFREY,ROD TREGENZA,,6
2009,C Grade,C GRADE,PEELWOOD #2,2009-03-28,Halls Head 2/75 def WAROONA 74,DARREN JEFFREY,CHRIS BAKER,,7
2009,C Grade,C GRADE,PEELWOOD #2,2009-03-28,Halls Head 2/75 def WAROONA 74,DARREN JEFFREY,IAN WHITE,,8
2009,C Grade,C GRADE,PEELWOOD #2,2009-03-28,Halls Head 2/75 def WAROONA 74,DARREN JEFFREY,ANDY WHITE,,9
2009,C Grade,C GRADE,PEELWOOD #2,2009-03-28,Halls Head 2/75 def WAROONA 74,DARREN JEFFREY,ANTHONY BROKATE,,10
2009,C Grade,C GRADE,PEELWOOD #2,2009-03-28,Halls Head 2/75 def WAROONA 74,DARREN JEFFREY,DENNIS BLAND,,11
2009,C Grade,C GRADE,PEELWOOD #2,2009-03-28,Halls Head 2/75 def WAROONA 74,DARREN JEFFREY,LEIGH ELDER,,12
2011,A Grade,A GRADE,PEELWOOD #1,2011-03-26,Halls Head 157 def PINJARRA 140,,BRENNAN GILLAM,,1
2011,A Grade,A GRADE,PEELWOOD #1,2011-03-26,Halls Head 157 def PINJARRA 140,,MITCHELL GREEN,,2
2011,A Grade,A GRADE,PEELWOOD #1,2011-03-26,Halls Head 157 def PINJARRA 140,,AL KRISTENSEN,,3
2011,A Grade,A GRADE,PEELWOOD #1,2011-03-26,Halls Head 157 def PINJARRA 140,,DALE BURNS,,4
2011,A Grade,A GRADE,PEELWOOD #1,2011-03-26,Halls Head 157 def PINJARRA 140,,BRENDON KING,,5
2011,A Grade,A GRADE,PEELWOOD #1,2011-03-26,Halls Head 157 def PINJARRA 140,,BRAD WISEMAN,,6
2011,A Grade,A GRADE,PEELWOOD #1,2011-03-26,Halls Head 157 def PINJARRA 140,,CARY GREEN,Yes,7
2011,A Grade,A GRADE,PEELWOOD #1,2011-03-26,Halls Head 157 def PINJARRA 140,,MICHAEL GRIFFITHS,,8
2011,A Grade,A GRADE,PEELWOOD #1,2011-03-26,Halls Head 157 def PINJARRA 140,,CHRIS PHELPS,,9
2011,A Grade,A GRADE,PEELWOOD #1,2011-03-26,Halls Head 157 def PINJARRA 140,,JOSH PETERSON,,10
2011,A Grade,A GRADE,PEELWOOD #1,2011-03-26,Halls Head 157 def PINJARRA 140,,MATTHEW GORDON,,11
2011,A Grade,A GRADE,PEELWOOD #1,2011-03-26,Halls Head 157 def PINJARRA 140,,PHIL HALL,,12
2013,A Grade,A GRADE,PINJARRA,2013-03-23,Halls Head 148 def WARNBRO SWANS 115,MATTHEW GORDON,CARY GREEN,,1
2013,A Grade,A GRADE,PINJARRA,2013-03-23,Halls Head 148 def WARNBRO SWANS 115,MATTHEW GORDON,RYAN BURNS,,2
2013,A Grade,A GRADE,PINJARRA,2013-03-23,Halls Head 148 def WARNBRO SWANS 115,MATTHEW GORDON,BRAD WISEMAN,,3
2013,A Grade,A GRADE,PINJARRA,2013-03-23,Halls Head 148 def WARNBRO SWANS 115,MATTHEW GORDON,JOSH PETERSON,,4
2013,A Grade,A GRADE,PINJARRA,2013-03-23,Halls Head 148 def WARNBRO SWANS 115,MATTHEW GORDON,STEPHEN INWARD,,5
2013,A Grade,A GRADE,PINJARRA,2013-03-23,Halls Head 148 def WARNBRO SWANS 115,MATTHEW GORDON,LIAM BLAMPIED,,6
2013,A Grade,A GRADE,PINJARRA,2013-03-23,Halls Head 148 def WARNBRO SWANS 115,MATTHEW GORDON,CHRIS PHELPS,,7
2013,A Grade,A GRADE,PINJARRA,2013-03-23,Halls Head 148 def WARNBRO SWANS 115,MATTHEW GORDON,BLAIR CARTWRIGHT,,8
2013,A Grade,A GRADE,PINJARRA,2013-03-23,Halls Head 148 def WARNBRO SWANS 115,MATTHEW GORDON,MICHAEL GRIFFITHS,Yes,9
2013,A Grade,A GRADE,PINJARRA,2013-03-23,Halls Head 148 def WARNBRO SWANS 115,MATTHEW GORDON,TIM LEES,,10
2013,A Grade,A GRADE,PINJARRA,2013-03-23,Halls Head 148 def WARNBRO SWANS 115,MATTHEW GORDON,BRYCE JEFFREY,,11
2013,A Grade,A GRADE,PINJARRA,2013-03-23,Halls Head 148 def WARNBRO SWANS 115,MATTHEW GORDON,MATTHEW GORDON,,12
2013,C Grade,C GRADE,PINJARRA,2013-03-23,Halls Head 6/128 def WHITE KNIGHTS 126,ELLIOT FOOTE,DAN McINNES,,1
2013,C Grade,C GRADE,PINJARRA,2013-03-23,Halls Head 6/128 def WHITE KNIGHTS 126,ELLIOT FOOTE,ANDREW KELMAN,,2
2013,C Grade,C GRADE,PINJARRA,2013-03-23,Halls Head 6/128 def WHITE KNIGHTS 126,ELLIOT FOOTE,JEFF DILLON,,3
2013,C Grade,C GRADE,PINJARRA,2013-03-23,Halls Head 6/128 def WHITE KNIGHTS 126,ELLIOT FOOTE,ANDREW WHITE,Yes,4
2013,C Grade,C GRADE,PINJARRA,2013-03-23,Halls Head 6/128 def WHITE KNIGHTS 126,ELLIOT FOOTE,DARREN JEFFREY,,5
2013,C Grade,C GRADE,PINJARRA,2013-03-23,Halls Head 6/128 def WHITE KNIGHTS 126,ELLIOT FOOTE,DAN KENNY,,6
2013,C Grade,C GRADE,PINJARRA,2013-03-23,Halls Head 6/128 def WHITE KNIGHTS 126,ELLIOT FOOTE,PETER BOYCE,,7
2013,C Grade,C GRADE,PINJARRA,2013-03-23,Halls Head 6/128 def WHITE KNIGHTS 126,ELLIOT FOOTE,ELLIOT FOOTE,,8
2013,C Grade,C GRADE,PINJARRA,2013-03-23,Halls Head 6/128 def WHITE KNIGHTS 126,ELLIOT FOOTE,AARON FITZPATRICK,,9
2013,C Grade,C GRADE,PINJARRA,2013-03-23,Halls Head 6/128 def WHITE KNIGHTS 126,ELLIOT FOOTE,ANDREW POCKLINGTON,,10
2013,C Grade,C GRADE,PINJARRA,2013-03-23,Halls Head 6/128 def WHITE KNIGHTS 126,ELLIOT FOOTE,DENNIS BLAND,,11
2013,C Grade,C GRADE,PINJARRA,2013-03-23,Halls Head 6/128 def WHITE KNIGHTS 126,ELLIOT FOOTE,MATHEW SKENGER,,12
2013,D Grade,D GRADE,DWELLINGUP,2013-03-23,Halls Head 7/174 def WHITE KNIGHTS 71,DAVE ALLEN,DEAN FINLAY,,1
2013,D Grade,D GRADE,DWELLINGUP,2013-03-23,Halls Head 7/174 def WHITE KNIGHTS 71,DAVE ALLEN,CRAIG FORBES,,2
2013,D Grade,D GRADE,DWELLINGUP,2013-03-23,Halls Head 7/174 def WHITE KNIGHTS 71,DAVE ALLEN,LEIGH BURNS,,3
2013,D Grade,D GRADE,DWELLINGUP,2013-03-23,Halls Head 7/174 def WHITE KNIGHTS 71,DAVE ALLEN,DAVE ALLEN,,4
2013,D Grade,D GRADE,DWELLINGUP,2013-03-23,Halls Head 7/174 def WHITE KNIGHTS 71,DAVE ALLEN,IAN BRAY,,5
2013,D Grade,D GRADE,DWELLINGUP,2013-03-23,Halls Head 7/174 def WHITE KNIGHTS 71,DAVE ALLEN,MATTHEW GUYTON,,6
2013,D Grade,D GRADE,DWELLINGUP,2013-03-23,Halls Head 7/174 def WHITE KNIGHTS 71,DAVE ALLEN,WES NAIDOO,,7
2013,D Grade,D GRADE,DWELLINGUP,2013-03-23,Halls Head 7/174 def WHITE KNIGHTS 71,DAVE ALLEN,CHRIS DERMAN,,8
2013,D Grade,D GRADE,DWELLINGUP,2013-03-23,Halls Head 7/174 def WHITE KNIGHTS 71,DAVE ALLEN,DOUG McCARTHY,,9
2013,D Grade,D GRADE,DWELLINGUP,2013-03-23,Halls Head 7/174 def WHITE KNIGHTS 71,DAVE ALLEN,JAMES WOODS,Yes,10
2013,D Grade,D GRADE,DWELLINGUP,2013-03-23,Halls Head 7/174 def WHITE KNIGHTS 71,DAVE ALLEN,ADAM WHITEHORN,,11
2013,D Grade,D GRADE,DWELLINGUP,2013-03-23,Halls Head 7/174 def WHITE KNIGHTS 71,DAVE ALLEN,ROD DIXON,,12
2014,A Grade,A GRADE,STAN TWIGHT RESERVE,2014-03-29,Halls Head def MANDURAH (WASHOUT),,CARY GREEN,,1
2014,A Grade,A GRADE,STAN TWIGHT RESERVE,2014-03-29,Halls Head def MANDURAH (WASHOUT),,ANDREW TATTERSON,,2
2014,A Grade,A GRADE,STAN TWIGHT RESERVE,2014-03-29,Halls Head def MANDURAH (WASHOUT),,BRAD WISEMAN,Yes,3
2014,A Grade,A GRADE,STAN TWIGHT RESERVE,2014-03-29,Halls Head def MANDURAH (WASHOUT),,JOSH PETERSON,,4
2014,A Grade,A GRADE,STAN TWIGHT RESERVE,2014-03-29,Halls Head def MANDURAH (WASHOUT),,STEPHEN INWARD,,5
2014,A Grade,A GRADE,STAN TWIGHT RESERVE,2014-03-29,Halls Head def MANDURAH (WASHOUT),,MITCH GREEN,,6
2014,A Grade,A GRADE,STAN TWIGHT RESERVE,2014-03-29,Halls Head def MANDURAH (WASHOUT),,CHRIS PHELPS,,7
2014,A Grade,A GRADE,STAN TWIGHT RESERVE,2014-03-29,Halls Head def MANDURAH (WASHOUT),,BLAIR CARTWRIGHT,,8
2014,A Grade,A GRADE,STAN TWIGHT RESERVE,2014-03-29,Halls Head def MANDURAH (WASHOUT),,RYAN BURNS,,9
2014,A Grade,A GRADE,STAN TWIGHT RESERVE,2014-03-29,Halls Head def MANDURAH (WASHOUT),,CAMERON BURRAGE,,10
2014,A Grade,A GRADE,STAN TWIGHT RESERVE,2014-03-29,Halls Head def MANDURAH (WASHOUT),,ASHLEY JEFFREY,,11
2014,A Grade,A GRADE,STAN TWIGHT RESERVE,2014-03-29,Halls Head def MANDURAH (WASHOUT),,MATTHEW GORDON,,12
2014,C Grade,C GRADE,SHOALWATER,2014-03-29,Halls Head def SHOALWATER (WASHOUT),,DAN BAKER,,1
2014,C Grade,C GRADE,SHOALWATER,2014-03-29,Halls Head def SHOALWATER (WASHOUT),,LEIGH BURNS,,2
2014,C Grade,C GRADE,SHOALWATER,2014-03-29,Halls Head def SHOALWATER (WASHOUT),,SHANNON WRIGHT,,3
2014,C Grade,C GRADE,SHOALWATER,2014-03-29,Halls Head def SHOALWATER (WASHOUT),,PETER WYLLIE,,4
2014,C Grade,C GRADE,SHOALWATER,2014-03-29,Halls Head def SHOALWATER (WASHOUT),,DALE BURNS,,5
2014,C Grade,C GRADE,SHOALWATER,2014-03-29,Halls Head def SHOALWATER (WASHOUT),,ALEX DILLON,,6
2014,C Grade,C GRADE,SHOALWATER,2014-03-29,Halls Head def SHOALWATER (WASHOUT),,MATTHEW REILLY,,7
2014,C Grade,C GRADE,SHOALWATER,2014-03-29,Halls Head def SHOALWATER (WASHOUT),,MATTHEW GUYTON,Yes,8
2014,C Grade,C GRADE,SHOALWATER,2014-03-29,Halls Head def SHOALWATER (WASHOUT),,DARREN JEFFREY,,9
2014,C Grade,C GRADE,SHOALWATER,2014-03-29,Halls Head def SHOALWATER (WASHOUT),,CHRIS BAKER,,10
2014,C Grade,C GRADE,SHOALWATER,2014-03-29,Halls Head def SHOALWATER (WASHOUT),,MITCHELL FELTON,,11
2014,C Grade,C GRADE,SHOALWATER,2014-03-29,Halls Head def SHOALWATER (WASHOUT),,JAKE WYLLIE,,12
2014,D Grade,D GRADE,CAREEBA,2014-03-29,Halls Head def WHITE KNIGHTS (WASHOUT),,DEAN FINLAY,,1
2014,D Grade,D GRADE,CAREEBA,2014-03-29,Halls Head def WHITE KNIGHTS (WASHOUT),,JEFF DILLON,Yes,2
2014,D Grade,D GRADE,CAREEBA,2014-03-29,Halls Head def WHITE KNIGHTS (WASHOUT),,MATTHEW LLOYD,,3
2014,D Grade,D GRADE,CAREEBA,2014-03-29,Halls Head def WHITE KNIGHTS (WASHOUT),,JOSHUA QUAID,,4
2014,D Grade,D GRADE,CAREEBA,2014-03-29,Halls Head def WHITE KNIGHTS (WASHOUT),,ANDREW WHITE,,5
2014,D Grade,D GRADE,CAREEBA,2014-03-29,Halls Head def WHITE KNIGHTS (WASHOUT),,GEOFF BUCHHOLZ,,6
2014,D Grade,D GRADE,CAREEBA,2014-03-29,Halls Head def WHITE KNIGHTS (WASHOUT),,DAVE ALLEN,,7
2014,D Grade,D GRADE,CAREEBA,2014-03-29,Halls Head def WHITE KNIGHTS (WASHOUT),,DAMIAN BURRAGE,,8
2014,D Grade,D GRADE,CAREEBA,2014-03-29,Halls Head def WHITE KNIGHTS (WASHOUT),,ROSS BURRAGE,,9
2014,D Grade,D GRADE,CAREEBA,2014-03-29,Halls Head def WHITE KNIGHTS (WASHOUT),,JAMES WOODS,,10
2014,D Grade,D GRADE,CAREEBA,2014-03-29,Halls Head def WHITE KNIGHTS (WASHOUT),,DOUG McCARTHY,,11
2014,D Grade,D GRADE,CAREEBA,2014-03-29,Halls Head def WHITE KNIGHTS (WASHOUT),,ROD DIXON,,12
2014,E Grade,E GRADE,WARNBRO,2014-03-29,Halls Head def WHITE KNIGHTS (WASHOUT),,JAYDEN MATTHEWS,,1
2014,E Grade,E GRADE,WARNBRO,2014-03-29,Halls Head def WHITE KNIGHTS (WASHOUT),,GLEN CRUICKSHANK,,2
2014,E Grade,E GRADE,WARNBRO,2014-03-29,Halls Head def WHITE KNIGHTS (WASHOUT),,ERIC COCKING,,3
2014,E Grade,E GRADE,WARNBRO,2014-03-29,Halls Head def WHITE KNIGHTS (WASHOUT),,CHRIS THOMAS,,4
2014,E Grade,E GRADE,WARNBRO,2014-03-29,Halls Head def WHITE KNIGHTS (WASHOUT),,MATT NEWTON,Yes,5
2014,E Grade,E GRADE,WARNBRO,2014-03-29,Halls Head def WHITE KNIGHTS (WASHOUT),,MATTHEW GUYTON,,6
2014,E Grade,E GRADE,WARNBRO,2014-03-29,Halls Head def WHITE KNIGHTS (WASHOUT),,MARK CRUICKSHANK,,7
2014,E Grade,E GRADE,WARNBRO,2014-03-29,Halls Head def WHITE KNIGHTS (WASHOUT),,RICHARD MULCAHY,,8
2014,E Grade,E GRADE,WARNBRO,2014-03-29,Halls Head def WHITE KNIGHTS (WASHOUT),,KYLE JEFFREY,,9
2014,E Grade,E GRADE,WARNBRO,2014-03-29,Halls Head def WHITE KNIGHTS (WASHOUT),,GLEN FIELDER,,10
2014,E Grade,E GRADE,WARNBRO,2014-03-29,Halls Head def WHITE KNIGHTS (WASHOUT),,SHAUN WILSON,,11
2014,E Grade,E GRADE,WARNBRO,2014-03-29,Halls Head def WHITE KNIGHTS (WASHOUT),,ADAM WHITEHORNE,,12
2016,B Grade,B GRADE,PEELWOOD #1,2016-03-12,Halls Head 5/83 def WHITE KNIGHTS BALDIVIS 81,,ALEX DILLON,,1
2016,B Grade,B GRADE,PEELWOOD #1,2016-03-12,Halls Head 5/83 def WHITE KNIGHTS BALDIVIS 81,,CAMERON LUCAS,,2
2016,B Grade,B GRADE,PEELWOOD #1,2016-03-12,Halls Head 5/83 def WHITE KNIGHTS BALDIVIS 81,,DANIEL HIGHAM,,3
2016,B Grade,B GRADE,PEELWOOD #1,2016-03-12,Halls Head 5/83 def WHITE KNIGHTS BALDIVIS 81,,PHIL HEAD,,4
2016,B Grade,B GRADE,PEELWOOD #1,2016-03-12,Halls Head 5/83 def WHITE KNIGHTS BALDIVIS 81,,DECLAN CHAPPELL,,5
2016,B Grade,B GRADE,PEELWOOD #1,2016-03-12,Halls Head 5/83 def WHITE KNIGHTS BALDIVIS 81,,ELLIOT FOOTE,,6
2016,B Grade,B GRADE,PEELWOOD #1,2016-03-12,Halls Head 5/83 def WHITE KNIGHTS BALDIVIS 81,,GRANT MATTHEWS,Yes,7
2016,B Grade,B GRADE,PEELWOOD #1,2016-03-12,Halls Head 5/83 def WHITE KNIGHTS BALDIVIS 81,,JOEL EVANS,,8
2016,B Grade,B GRADE,PEELWOOD #1,2016-03-12,Halls Head 5/83 def WHITE KNIGHTS BALDIVIS 81,,MICHAEL CHAPPELL,,9
2016,B Grade,B GRADE,PEELWOOD #1,2016-03-12,Halls Head 5/83 def WHITE KNIGHTS BALDIVIS 81,,PETER BOYCE,,10
2016,B Grade,B GRADE,PEELWOOD #1,2016-03-12,Halls Head 5/83 def WHITE KNIGHTS BALDIVIS 81,,REID KLOPPER,,11
2016,B Grade,B GRADE,PEELWOOD #1,2016-03-12,Halls Head 5/83 def WHITE KNIGHTS BALDIVIS 81,,TANNAH DUNNING,,12
2016,E Grade,E GRADE,PEELWOOD #3,2016-03-12,Halls Head 8/134 def WHITE KNIGHTS BALDIVIS 129,,BRETT KNIGHT,,1
2016,E Grade,E GRADE,PEELWOOD #3,2016-03-12,Halls Head 8/134 def WHITE KNIGHTS BALDIVIS 129,,CHRIS BAKER,,2
2016,E Grade,E GRADE,PEELWOOD #3,2016-03-12,Halls Head 8/134 def WHITE KNIGHTS BALDIVIS 129,,DOUG McCARTHY,,3
2016,E Grade,E GRADE,PEELWOOD #3,2016-03-12,Halls Head 8/134 def WHITE KNIGHTS BALDIVIS 129,,ERIC COCKING,,4
2016,E Grade,E GRADE,PEELWOOD #3,2016-03-12,Halls Head 8/134 def WHITE KNIGHTS BALDIVIS 129,,GREG STACK,,5
2016,E Grade,E GRADE,PEELWOOD #3,2016-03-12,Halls Head 8/134 def WHITE KNIGHTS BALDIVIS 129,,JACK SADLER,,6
2016,E Grade,E GRADE,PEELWOOD #3,2016-03-12,Halls Head 8/134 def WHITE KNIGHTS BALDIVIS 129,,JAKE WATSON,,7
2016,E Grade,E GRADE,PEELWOOD #3,2016-03-12,Halls Head 8/134 def WHITE KNIGHTS BALDIVIS 129,,JAYDEN MATTHEWS,,8
2016,E Grade,E GRADE,PEELWOOD #3,2016-03-12,Halls Head 8/134 def WHITE KNIGHTS BALDIVIS 129,,MATT NEWTON,,9
2016,E Grade,E GRADE,PEELWOOD #3,2016-03-12,Halls Head 8/134 def WHITE KNIGHTS BALDIVIS 129,,RIC MULCAHY,Yes,10
2016,E Grade,E GRADE,PEELWOOD #3,2016-03-12,Halls Head 8/134 def WHITE KNIGHTS BALDIVIS 129,,RODNEY WATT,,11
2016,E Grade,E GRADE,PEELWOOD #3,2016-03-12,Halls Head 8/134 def WHITE KNIGHTS BALDIVIS 129,,ZAC PERRY,,12
2016,F Grade,F GRADE,MEADOW SPRINGS #2,2016-03-12,Halls Head 5/53 def MANDURAH 50,CORBIN LITTLE,ASH WYBORN,Yes,1
2016,F Grade,F GRADE,MEADOW SPRINGS #2,2016-03-12,Halls Head 5/53 def MANDURAH 50,CORBIN LITTLE,CORBIN LITTLE,,2
2016,F Grade,F GRADE,MEADOW SPRINGS #2,2016-03-12,Halls Head 5/53 def MANDURAH 50,CORBIN LITTLE,DARRYL MULLER,,3
2016,F Grade,F GRADE,MEADOW SPRINGS #2,2016-03-12,Halls Head 5/53 def MANDURAH 50,CORBIN LITTLE,DREW LOARING,,4
2016,F Grade,F GRADE,MEADOW SPRINGS #2,2016-03-12,Halls Head 5/53 def MANDURAH 50,CORBIN LITTLE,GEOFFREY BUCHHOLZ,,5
2016,F Grade,F GRADE,MEADOW SPRINGS #2,2016-03-12,Halls Head 5/53 def MANDURAH 50,CORBIN LITTLE,JAMES FINLAY,,6
2016,F Grade,F GRADE,MEADOW SPRINGS #2,2016-03-12,Halls Head 5/53 def MANDURAH 50,CORBIN LITTLE,MARTIN CRUMP,,7
2016,F Grade,F GRADE,MEADOW SPRINGS #2,2016-03-12,Halls Head 5/53 def MANDURAH 50,CORBIN LITTLE,MASON AUSTIN,,8
2016,F Grade,F GRADE,MEADOW SPRINGS #2,2016-03-12,Halls Head 5/53 def MANDURAH 50,CORBIN LITTLE,MATTHEW KENNEWELL,,9
2016,F Grade,F GRADE,MEADOW SPRINGS #2,2016-03-12,Halls Head 5/53 def MANDURAH 50,CORBIN LITTLE,NATHAN PASCO,,10
2016,F Grade,F GRADE,MEADOW SPRINGS #2,2016-03-12,Halls Head 5/53 def MANDURAH 50,CORBIN LITTLE,PETER HARMER,,11
2016,F Grade,F GRADE,MEADOW SPRINGS #2,2016-03-12,Halls Head 5/53 def MANDURAH 50,CORBIN LITTLE,PETER KNIGHT,,12
2016,F Grade,F GRADE,MEADOW SPRINGS #2,2016-03-12,Halls Head 5/53 def MANDURAH 50,CORBIN LITTLE,RODNEY DIXON,,13
2017,B Grade,B GRADE,LARK HILL,2017-03-25,Halls Head 7/252 def WARNBRO SWANS 160,,ALEX DILLON,,1
2017,B Grade,B GRADE,LARK HILL,2017-03-25,Halls Head 7/252 def WARNBRO SWANS 160,,ANGUS KENT,,2
2017,B Grade,B GRADE,LARK HILL,2017-03-25,Halls Head 7/252 def WARNBRO SWANS 160,,CAMERON LUCAS,,3
2017,B Grade,B GRADE,LARK HILL,2017-03-25,Halls Head 7/252 def WARNBRO SWANS 160,,DECLAN CHAPPELL,,4
2017,B Grade,B GRADE,LARK HILL,2017-03-25,Halls Head 7/252 def WARNBRO SWANS 160,,GRANT MATTHEWS,Yes,5
2017,B Grade,B GRADE,LARK HILL,2017-03-25,Halls Head 7/252 def WARNBRO SWANS 160,,LEVI MULLER,,6
2017,B Grade,B GRADE,LARK HILL,2017-03-25,Halls Head 7/252 def WARNBRO SWANS 160,,LEWIS STARBUCK,,7
2017,B Grade,B GRADE,LARK HILL,2017-03-25,Halls Head 7/252 def WARNBRO SWANS 160,,MICHAEL CHAPPELL,,8
2017,B Grade,B GRADE,LARK HILL,2017-03-25,Halls Head 7/252 def WARNBRO SWANS 160,,MITCHELL FELTON,,9
2017,B Grade,B GRADE,LARK HILL,2017-03-25,Halls Head 7/252 def WARNBRO SWANS 160,,PETER BOYCE,,10
2017,B Grade,B GRADE,LARK HILL,2017-03-25,Halls Head 7/252 def WARNBRO SWANS 160,,REID KLOPPER,,11
2017,B Grade,B GRADE,LARK HILL,2017-03-25,Halls Head 7/252 def WARNBRO SWANS 160,,SAMUEL EVANS,,12
2017,C Grade,C GRADE,RONDA SCARRET WEST,2017-03-25,Halls Head 8/195 def MANDURAH 88,,ALEC SMITH,,1
2017,C Grade,C GRADE,RONDA SCARRET WEST,2017-03-25,Halls Head 8/195 def MANDURAH 88,,ANTHONY BROKATE,,2
2017,C Grade,C GRADE,RONDA SCARRET WEST,2017-03-25,Halls Head 8/195 def MANDURAH 88,,DALE BURNS,Yes,3
2017,C Grade,C GRADE,RONDA SCARRET WEST,2017-03-25,Halls Head 8/195 def MANDURAH 88,,DAMIAN BILLING,,4
2017,C Grade,C GRADE,RONDA SCARRET WEST,2017-03-25,Halls Head 8/195 def MANDURAH 88,,DARREN JEFFREY,,5
2017,C Grade,C GRADE,RONDA SCARRET WEST,2017-03-25,Halls Head 8/195 def MANDURAH 88,,ELLIOT FOOTE,,6
2017,C Grade,C GRADE,RONDA SCARRET WEST,2017-03-25,Halls Head 8/195 def MANDURAH 88,,JASON YOUNG,,7
2017,C Grade,C GRADE,RONDA SCARRET WEST,2017-03-25,Halls Head 8/195 def MANDURAH 88,,JESSE HICKMAN,,8
2017,C Grade,C GRADE,RONDA SCARRET WEST,2017-03-25,Halls Head 8/195 def MANDURAH 88,,LEIGH BURNS,,9
2017,C Grade,C GRADE,RONDA SCARRET WEST,2017-03-25,Halls Head 8/195 def MANDURAH 88,,RYAN BURNS,,10
2017,C Grade,C GRADE,RONDA SCARRET WEST,2017-03-25,Halls Head 8/195 def MANDURAH 88,,STEVE HOWELL,,11
2017,C Grade,C GRADE,RONDA SCARRET WEST,2017-03-25,Halls Head 8/195 def MANDURAH 88,,WES NAIDOO,,12
2017,E Grade,E GRADE,SINGLETON NORTH,2017-03-25,Halls Head 2/141 def SECRET HARBOUR DOCKERS 7/132,,BRETT KNIGHT,,1
2017,E Grade,E GRADE,SINGLETON NORTH,2017-03-25,Halls Head 2/141 def SECRET HARBOUR DOCKERS 7/132,,CRAIG LINES,,2
2017,E Grade,E GRADE,SINGLETON NORTH,2017-03-25,Halls Head 2/141 def SECRET HARBOUR DOCKERS 7/132,,DAVE SOMERS,Yes,3
2017,E Grade,E GRADE,SINGLETON NORTH,2017-03-25,Halls Head 2/141 def SECRET HARBOUR DOCKERS 7/132,,DYLAN MULCAHY,,4
2017,E Grade,E GRADE,SINGLETON NORTH,2017-03-25,Halls Head 2/141 def SECRET HARBOUR DOCKERS 7/132,,ERIC COCKING,,5
2017,E Grade,E GRADE,SINGLETON NORTH,2017-03-25,Halls Head 2/141 def SECRET HARBOUR DOCKERS 7/132,,GREG STACK,,6
2017,E Grade,E GRADE,SINGLETON NORTH,2017-03-25,Halls Head 2/141 def SECRET HARBOUR DOCKERS 7/132,,MASON AUSTIN,,7
2017,E Grade,E GRADE,SINGLETON NORTH,2017-03-25,Halls Head 2/141 def SECRET HARBOUR DOCKERS 7/132,,MICHAEL MACKENZIE,,8
2017,E Grade,E GRADE,SINGLETON NORTH,2017-03-25,Halls Head 2/141 def SECRET HARBOUR DOCKERS 7/132,,MICK MULCAHY,,9
2017,E Grade,E GRADE,SINGLETON NORTH,2017-03-25,Halls Head 2/141 def SECRET HARBOUR DOCKERS 7/132,,RIC MULCAHY,,10
2017,E Grade,E GRADE,SINGLETON NORTH,2017-03-25,Halls Head 2/141 def SECRET HARBOUR DOCKERS 7/132,,RODNEY WATT,,11
2017,E Grade,E GRADE,SINGLETON NORTH,2017-03-25,Halls Head 2/141 def SECRET HARBOUR DOCKERS 7/132,,SCOTT DUNNING,,12
2020,PPL,PPL,PEELWOOD RESERVE,2020-03-18,Premiership shared with PINJARRA (abandoned),,AARON BURRAGE,,1
2020,PPL,PPL,PEELWOOD RESERVE,2020-03-18,Premiership shared with PINJARRA (abandoned),,DAMIEN BURRAGE,,2
2020,PPL,PPL,PEELWOOD RESERVE,2020-03-18,Premiership shared with PINJARRA (abandoned),,ELLIOT FOOTE,,3
2020,PPL,PPL,PEELWOOD RESERVE,2020-03-18,Premiership shared with PINJARRA (abandoned),,JAKE WYLLIE,,4
2020,PPL,PPL,PEELWOOD RESERVE,2020-03-18,Premiership shared with PINJARRA (abandoned),,JAMES SKEELS,,5
2020,PPL,PPL,PEELWOOD RESERVE,2020-03-18,Premiership shared with PINJARRA (abandoned),,JAROD LITTLE,,6
2020,PPL,PPL,PEELWOOD RESERVE,2020-03-18,Premiership shared with PINJARRA (abandoned),,JOSH RUDGE,,7
2020,PPL,PPL,PEELWOOD RESERVE,2020-03-18,Premiership shared with PINJARRA (abandoned),,LEVI MULLER,,8
2020,PPL,PPL,PEELWOOD RESERVE,2020-03-18,Premiership shared with PINJARRA (abandoned),,LEWIS STARBUCK,,9
2020,PPL,PPL,PEELWOOD RESERVE,2020-03-18,Premiership shared with PINJARRA (abandoned),,MICHAEL CHAPPELL,,10
2020,PPL,PPL,PEELWOOD RESERVE,2020-03-18,Premiership shared with PINJARRA (abandoned),,MICHAEL GRIFFITHS,,11
2020,PPL,PPL,PEELWOOD RESERVE,2020-03-18,Premiership shared with PINJARRA (abandoned),,SCOTT MARTIN,,12
2021,Female B Grade,FEMALE B GRADE,PEELWOOD RESERVE OVAL 2,2021-03-14,Halls Head 5/138 def SECRET HARBOUR DOCKERS 6/90,,ANGE WILLIAMS,,1
2021,Female B Grade,FEMALE B GRADE,PEELWOOD RESERVE OVAL 2,2021-03-14,Halls Head 5/138 def SECRET HARBOUR DOCKERS 6/90,,BROOKE BURNS,,2
2021,Female B Grade,FEMALE B GRADE,PEELWOOD RESERVE OVAL 2,2021-03-14,Halls Head 5/138 def SECRET HARBOUR DOCKERS 6/90,,DANNI RENDER,,3
2021,Female B Grade,FEMALE B GRADE,PEELWOOD RESERVE OVAL 2,2021-03-14,Halls Head 5/138 def SECRET HARBOUR DOCKERS 6/90,,JULIE OPHEL,,4
2021,Female B Grade,FEMALE B GRADE,PEELWOOD RESERVE OVAL 2,2021-03-14,Halls Head 5/138 def SECRET HARBOUR DOCKERS 6/90,,KIM NICHOLSON,,5
2021,Female B Grade,FEMALE B GRADE,PEELWOOD RESERVE OVAL 2,2021-03-14,Halls Head 5/138 def SECRET HARBOUR DOCKERS 6/90,,MICHELLE MORGAN,,6
2021,Female B Grade,FEMALE B GRADE,PEELWOOD RESERVE OVAL 2,2021-03-14,Halls Head 5/138 def SECRET HARBOUR DOCKERS 6/90,,MONTANNA KELLY-WILSON,,7
2021,Female B Grade,FEMALE B GRADE,PEELWOOD RESERVE OVAL 2,2021-03-14,Halls Head 5/138 def SECRET HARBOUR DOCKERS 6/90,,NATASHA BRADLEY,,8
2021,Female B Grade,FEMALE B GRADE,PEELWOOD RESERVE OVAL 2,2021-03-14,Halls Head 5/138 def SECRET HARBOUR DOCKERS 6/90,,PHILIPPA WARREN,,9
2021,Female B Grade,FEMALE B GRADE,PEELWOOD RESERVE OVAL 2,2021-03-14,Halls Head 5/138 def SECRET HARBOUR DOCKERS 6/90,,SUELEE CHRISTIE,,10
2022,B Grade,B GRADE T20,STAN TWIGHT RESERVE OVAL #1,2022-12-17,Halls Head 7/134 def MANDURAH 10/72,,DUSTIN ROBINSON,Yes,1
2022,B Grade,B GRADE T20,STAN TWIGHT RESERVE OVAL #1,2022-12-17,Halls Head 7/134 def MANDURAH 10/72,,ISZAC WILLEY,,2
2022,B Grade,B GRADE T20,STAN TWIGHT RESERVE OVAL #1,2022-12-17,Halls Head 7/134 def MANDURAH 10/72,,JAMES SKEELS,,3
2022,B Grade,B GRADE T20,STAN TWIGHT RESERVE OVAL #1,2022-12-17,Halls Head 7/134 def MANDURAH 10/72,,JOE LOVELL,,4
2022,B Grade,B GRADE T20,STAN TWIGHT RESERVE OVAL #1,2022-12-17,Halls Head 7/134 def MANDURAH 10/72,,JOSH PETERSON,,5
2022,B Grade,B GRADE T20,STAN TWIGHT RESERVE OVAL #1,2022-12-17,Halls Head 7/134 def MANDURAH 10/72,,LEVI MULLER,,6
2022,B Grade,B GRADE T20,STAN TWIGHT RESERVE OVAL #1,2022-12-17,Halls Head 7/134 def MANDURAH 10/72,,MATTHEW GUYTON,,7
2022,B Grade,B GRADE T20,STAN TWIGHT RESERVE OVAL #1,2022-12-17,Halls Head 7/134 def MANDURAH 10/72,,MITCHELL MORLEY,,8
2022,B Grade,B GRADE T20,STAN TWIGHT RESERVE OVAL #1,2022-12-17,Halls Head 7/134 def MANDURAH 10/72,,PETER BOYCE,,9
2022,B Grade,B GRADE T20,STAN TWIGHT RESERVE OVAL #1,2022-12-17,Halls Head 7/134 def MANDURAH 10/72,,RICHARD WOODS,,10
2022,B Grade,B GRADE T20,STAN TWIGHT RESERVE OVAL #1,2022-12-17,Halls Head 7/134 def MANDURAH 10/72,,RYLAN ARMS,,11
2022,B Grade,B GRADE T20,STAN TWIGHT RESERVE OVAL #1,2022-12-17,Halls Head 7/134 def MANDURAH 10/72,,WES NAIDOO,,12
2022,D Grade,D GRADE RITCHIE CUP,PEELWOOD RESERVE OVAL 2,2022-03-26,Halls Head 58 def WHITE KNIGHTS BALDIVIS 44,,ADAM GRAY,,1
2022,D Grade,D GRADE RITCHIE CUP,PEELWOOD RESERVE OVAL 2,2022-03-26,Halls Head 58 def WHITE KNIGHTS BALDIVIS 44,,ALEC SMITH,,2
2022,D Grade,D GRADE RITCHIE CUP,PEELWOOD RESERVE OVAL 2,2022-03-26,Halls Head 58 def WHITE KNIGHTS BALDIVIS 44,,ANDREW POCKLINGTON,,3
2022,D Grade,D GRADE RITCHIE CUP,PEELWOOD RESERVE OVAL 2,2022-03-26,Halls Head 58 def WHITE KNIGHTS BALDIVIS 44,,ASH WYBORN,,4
2022,D Grade,D GRADE RITCHIE CUP,PEELWOOD RESERVE OVAL 2,2022-03-26,Halls Head 58 def WHITE KNIGHTS BALDIVIS 44,,BRAD MALINGRE,Yes,5
2022,D Grade,D GRADE RITCHIE CUP,PEELWOOD RESERVE OVAL 2,2022-03-26,Halls Head 58 def WHITE KNIGHTS BALDIVIS 44,,CORBIN LITTLE,,6
2022,D Grade,D GRADE RITCHIE CUP,PEELWOOD RESERVE OVAL 2,2022-03-26,Halls Head 58 def WHITE KNIGHTS BALDIVIS 44,,DALE BURNS,,7
2022,D Grade,D GRADE RITCHIE CUP,PEELWOOD RESERVE OVAL 2,2022-03-26,Halls Head 58 def WHITE KNIGHTS BALDIVIS 44,,DEBORAH HEAD,,8
2022,D Grade,D GRADE RITCHIE CUP,PEELWOOD RESERVE OVAL 2,2022-03-26,Halls Head 58 def WHITE KNIGHTS BALDIVIS 44,,JASON YOUNG,,9
2022,D Grade,D GRADE RITCHIE CUP,PEELWOOD RESERVE OVAL 2,2022-03-26,Halls Head 58 def WHITE KNIGHTS BALDIVIS 44,,MATTHEW GUYTON,,10
2022,D Grade,D GRADE RITCHIE CUP,PEELWOOD RESERVE OVAL 2,2022-03-26,Halls Head 58 def WHITE KNIGHTS BALDIVIS 44,,MICHAEL NIVEN,,11
2022,D Grade,D GRADE RITCHIE CUP,PEELWOOD RESERVE OVAL 2,2022-03-26,Halls Head 58 def WHITE KNIGHTS BALDIVIS 44,,PETER KNIGHT,,12
2022,D Grade,D GRADE RITCHIE CUP,PEELWOOD RESERVE OVAL 2,2022-03-26,Halls Head 58 def WHITE KNIGHTS BALDIVIS 44,,RYAN BURNS,,13
2023,A Grade,A GRADE WYLLIE CUP,,2023-03-25,Halls Head 8/153 def SHOALWATER BAY 68,,BLAKE ALLEN,,1
2023,A Grade,A GRADE WYLLIE CUP,,2023-03-25,Halls Head 8/153 def SHOALWATER BAY 68,,CHRIS PHELPS,,2
2023,A Grade,A GRADE WYLLIE CUP,,2023-03-25,Halls Head 8/153 def SHOALWATER BAY 68,,JACK MANUEL,,3
2023,A Grade,A GRADE WYLLIE CUP,,2023-03-25,Halls Head 8/153 def SHOALWATER BAY 68,,JAKE WYLLIE,,4
2023,A Grade,A GRADE WYLLIE CUP,,2023-03-25,Halls Head 8/153 def SHOALWATER BAY 68,,JAMES RUDGE,,5
2023,A Grade,A GRADE WYLLIE CUP,,2023-03-25,Halls Head 8/153 def SHOALWATER BAY 68,,JAROD LITTLE,,6
2023,A Grade,A GRADE WYLLIE CUP,,2023-03-25,Halls Head 8/153 def SHOALWATER BAY 68,,JOSH RUDGE,Yes,7
2023,A Grade,A GRADE WYLLIE CUP,,2023-03-25,Halls Head 8/153 def SHOALWATER BAY 68,,KEELAN BEATTIE,,8
2023,A Grade,A GRADE WYLLIE CUP,,2023-03-25,Halls Head 8/153 def SHOALWATER BAY 68,,LACHLAN KINNA,,9
2023,A Grade,A GRADE WYLLIE CUP,,2023-03-25,Halls Head 8/153 def SHOALWATER BAY 68,,MITCHELL FELTON,,10
2023,A Grade,A GRADE WYLLIE CUP,,2023-03-25,Halls Head 8/153 def SHOALWATER BAY 68,,SCOTT MARTIN,,11
2023,A Grade,A GRADE WYLLIE CUP,,2023-03-25,Halls Head 8/153 def SHOALWATER BAY 68,,TIMOTHY MILES,,12
2023,B Grade,B GRADE McINTOSH CUP,WARNBRO RECREATION RESERVE,2023-03-25,Halls Head 8/149 def MANDURAH 62,,DUSTIN ROBINSON,Yes,1
2023,B Grade,B GRADE McINTOSH CUP,WARNBRO RECREATION RESERVE,2023-03-25,Halls Head 8/149 def MANDURAH 62,,JACOB BARNES,,2
2023,B Grade,B GRADE McINTOSH CUP,WARNBRO RECREATION RESERVE,2023-03-25,Halls Head 8/149 def MANDURAH 62,,JAMES SKEELS,,3
2023,B Grade,B GRADE McINTOSH CUP,WARNBRO RECREATION RESERVE,2023-03-25,Halls Head 8/149 def MANDURAH 62,,JOSH PETERSON,,4
2023,B Grade,B GRADE McINTOSH CUP,WARNBRO RECREATION RESERVE,2023-03-25,Halls Head 8/149 def MANDURAH 62,,LEVI MULLER,,5
2023,B Grade,B GRADE McINTOSH CUP,WARNBRO RECREATION RESERVE,2023-03-25,Halls Head 8/149 def MANDURAH 62,,LEWIS STARBUCK,,6
2023,B Grade,B GRADE McINTOSH CUP,WARNBRO RECREATION RESERVE,2023-03-25,Halls Head 8/149 def MANDURAH 62,,MATTHEW GUYTON,,7
2023,B Grade,B GRADE McINTOSH CUP,WARNBRO RECREATION RESERVE,2023-03-25,Halls Head 8/149 def MANDURAH 62,,MITCHELL MORLEY,,8
2023,B Grade,B GRADE McINTOSH CUP,WARNBRO RECREATION RESERVE,2023-03-25,Halls Head 8/149 def MANDURAH 62,,PETER BOYCE,,9
2023,B Grade,B GRADE McINTOSH CUP,WARNBRO RECREATION RESERVE,2023-03-25,Halls Head 8/149 def MANDURAH 62,,RICHARD WOODS,,10
2023,B Grade,B GRADE McINTOSH CUP,WARNBRO RECREATION RESERVE,2023-03-25,Halls Head 8/149 def MANDURAH 62,,TYLER NAIDOO,,11
2023,B Grade,B GRADE McINTOSH CUP,WARNBRO RECREATION RESERVE,2023-03-25,Halls Head 8/149 def MANDURAH 62,,WES NAIDOO,,12
2023,D Grade,MID-YEAR T20 D GRADE,PEELWOOD RESERVE,2023-12-16,Halls Head 2/109 def WHITE KNIGHTS BALDIVIS GOLD 7/108,,ALEC SMITH,Yes,1
2023,D Grade,MID-YEAR T20 D GRADE,PEELWOOD RESERVE,2023-12-16,Halls Head 2/109 def WHITE KNIGHTS BALDIVIS GOLD 7/108,,ASH WYBORN,,2
2023,D Grade,MID-YEAR T20 D GRADE,PEELWOOD RESERVE,2023-12-16,Halls Head 2/109 def WHITE KNIGHTS BALDIVIS GOLD 7/108,,BODIE TERBEEKE,,3
2023,D Grade,MID-YEAR T20 D GRADE,PEELWOOD RESERVE,2023-12-16,Halls Head 2/109 def WHITE KNIGHTS BALDIVIS GOLD 7/108,,DAVID ALLEN,,4
2023,D Grade,MID-YEAR T20 D GRADE,PEELWOOD RESERVE,2023-12-16,Halls Head 2/109 def WHITE KNIGHTS BALDIVIS GOLD 7/108,,GRANT MATTHEWS,,5
2023,D Grade,MID-YEAR T20 D GRADE,PEELWOOD RESERVE,2023-12-16,Halls Head 2/109 def WHITE KNIGHTS BALDIVIS GOLD 7/108,,GURNOOR SINGH,,6
2023,D Grade,MID-YEAR T20 D GRADE,PEELWOOD RESERVE,2023-12-16,Halls Head 2/109 def WHITE KNIGHTS BALDIVIS GOLD 7/108,,JASON YOUNG,,7
2023,D Grade,MID-YEAR T20 D GRADE,PEELWOOD RESERVE,2023-12-16,Halls Head 2/109 def WHITE KNIGHTS BALDIVIS GOLD 7/108,,NOAH FRUNKS,,8
2023,D Grade,MID-YEAR T20 D GRADE,PEELWOOD RESERVE,2023-12-16,Halls Head 2/109 def WHITE KNIGHTS BALDIVIS GOLD 7/108,,RUSSELL MOFFAT,,9
2023,D Grade,MID-YEAR T20 D GRADE,PEELWOOD RESERVE,2023-12-16,Halls Head 2/109 def WHITE KNIGHTS BALDIVIS GOLD 7/108,,SAMUEL SMITH,,10
2023,D Grade,MID-YEAR T20 D GRADE,PEELWOOD RESERVE,2023-12-16,Halls Head 2/109 def WHITE KNIGHTS BALDIVIS GOLD 7/108,,THOMAS SMITH,,11
2023,PPL,RETRAVISION PREMIER T20 LEAGUE,PEELWOOD RESERVE OVAL 1,2023-02-08,Halls Head 8/105 def SHOALWATER BAY 96,,AARON BURRAGE,,1
2023,PPL,RETRAVISION PREMIER T20 LEAGUE,PEELWOOD RESERVE OVAL 1,2023-02-08,Halls Head 8/105 def SHOALWATER BAY 96,,CHRISTOPHER DAVENPORT,,2
2023,PPL,RETRAVISION PREMIER T20 LEAGUE,PEELWOOD RESERVE OVAL 1,2023-02-08,Halls Head 8/105 def SHOALWATER BAY 96,,ISZAC WILLEY,,3
2023,PPL,RETRAVISION PREMIER T20 LEAGUE,PEELWOOD RESERVE OVAL 1,2023-02-08,Halls Head 8/105 def SHOALWATER BAY 96,,JACK MANUEL,Yes,4
2023,PPL,RETRAVISION PREMIER T20 LEAGUE,PEELWOOD RESERVE OVAL 1,2023-02-08,Halls Head 8/105 def SHOALWATER BAY 96,,JAKE WYLLIE,,5
2023,PPL,RETRAVISION PREMIER T20 LEAGUE,PEELWOOD RESERVE OVAL 1,2023-02-08,Halls Head 8/105 def SHOALWATER BAY 96,,JAMES RUDGE,,6
2023,PPL,RETRAVISION PREMIER T20 LEAGUE,PEELWOOD RESERVE OVAL 1,2023-02-08,Halls Head 8/105 def SHOALWATER BAY 96,,JOSH RUDGE,,7
2023,PPL,RETRAVISION PREMIER T20 LEAGUE,PEELWOOD RESERVE OVAL 1,2023-02-08,Halls Head 8/105 def SHOALWATER BAY 96,,KEELAN BEATTIE,,8
2023,PPL,RETRAVISION PREMIER T20 LEAGUE,PEELWOOD RESERVE OVAL 1,2023-02-08,Halls Head 8/105 def SHOALWATER BAY 96,,RICHARD WOODS,,9
2023,PPL,RETRAVISION PREMIER T20 LEAGUE,PEELWOOD RESERVE OVAL 1,2023-02-08,Halls Head 8/105 def SHOALWATER BAY 96,,SCOTT MARTIN,,10
2023,PPL,RETRAVISION PREMIER T20 LEAGUE,PEELWOOD RESERVE OVAL 1,2023-02-08,Halls Head 8/105 def SHOALWATER BAY 96,,TIMOTHY MILES,,11
2023,PPL,RETRAVISION PREMIER T20 LEAGUE,PEELWOOD RESERVE OVAL 1,2023-02-08,Halls Head 8/105 def SHOALWATER BAY 96,,WES NAIDOO,,12
2024,A Grade,A GRADE WYLLIE CUP,SIR ROSS McLARTY PARK,2024-03-16,Halls Head 8/246 def PINJARRA 118,,ANGUS BEATTIE,,1
2024,A Grade,A GRADE WYLLIE CUP,SIR ROSS McLARTY PARK,2024-03-16,Halls Head 8/246 def PINJARRA 118,,CHRIS PHELPS,,2
2024,A Grade,A GRADE WYLLIE CUP,SIR ROSS McLARTY PARK,2024-03-16,Halls Head 8/246 def PINJARRA 118,,JACK MANUEL,,3
2024,A Grade,A GRADE WYLLIE CUP,SIR ROSS McLARTY PARK,2024-03-16,Halls Head 8/246 def PINJARRA 118,,JAKE WYLLIE,,4
2024,A Grade,A GRADE WYLLIE CUP,SIR ROSS McLARTY PARK,2024-03-16,Halls Head 8/246 def PINJARRA 118,,JAROD LITTLE,,5
2024,A Grade,A GRADE WYLLIE CUP,SIR ROSS McLARTY PARK,2024-03-16,Halls Head 8/246 def PINJARRA 118,,JOE PHILLIPS,,6
2024,A Grade,A GRADE WYLLIE CUP,SIR ROSS McLARTY PARK,2024-03-16,Halls Head 8/246 def PINJARRA 118,,JOSH RUDGE,Yes,7
2024,A Grade,A GRADE WYLLIE CUP,SIR ROSS McLARTY PARK,2024-03-16,Halls Head 8/246 def PINJARRA 118,,KEELAN BEATTIE,,8
2024,A Grade,A GRADE WYLLIE CUP,SIR ROSS McLARTY PARK,2024-03-16,Halls Head 8/246 def PINJARRA 118,,RICHARD WOODS,,9
2024,A Grade,A GRADE WYLLIE CUP,SIR ROSS McLARTY PARK,2024-03-16,Halls Head 8/246 def PINJARRA 118,,SCOTT MARTIN,,10
2024,A Grade,A GRADE WYLLIE CUP,SIR ROSS McLARTY PARK,2024-03-16,Halls Head 8/246 def PINJARRA 118,,TIMOTHY MILES,,11
2024,A Grade,A GRADE WYLLIE CUP,SIR ROSS McLARTY PARK,2024-03-16,Halls Head 8/246 def PINJARRA 118,,TRAVIS CAINE,,12
2024,Colts,PCA COLTS COMPETITION,PEELWOOD RESERVE,2024-02-25,Halls Head 2/90 def WHITE KNIGHTS BALDIVIS COLTS 8/87,,ALEX OSBORNE,,1
2024,Colts,PCA COLTS COMPETITION,PEELWOOD RESERVE,2024-02-25,Halls Head 2/90 def WHITE KNIGHTS BALDIVIS COLTS 8/87,,ANGUS MOSELEY,,2
2024,Colts,PCA COLTS COMPETITION,PEELWOOD RESERVE,2024-02-25,Halls Head 2/90 def WHITE KNIGHTS BALDIVIS COLTS 8/87,,BLAKE ALLEN,,3
2024,Colts,PCA COLTS COMPETITION,PEELWOOD RESERVE,2024-02-25,Halls Head 2/90 def WHITE KNIGHTS BALDIVIS COLTS 8/87,,HUGO YOUNG,,4
2024,Colts,PCA COLTS COMPETITION,PEELWOOD RESERVE,2024-02-25,Halls Head 2/90 def WHITE KNIGHTS BALDIVIS COLTS 8/87,,JACOB BARNES,,5
2024,Colts,PCA COLTS COMPETITION,PEELWOOD RESERVE,2024-02-25,Halls Head 2/90 def WHITE KNIGHTS BALDIVIS COLTS 8/87,,JAKE PATTISON,,6
2024,Colts,PCA COLTS COMPETITION,PEELWOOD RESERVE,2024-02-25,Halls Head 2/90 def WHITE KNIGHTS BALDIVIS COLTS 8/87,,JETT DEMMERY,,7
2024,Colts,PCA COLTS COMPETITION,PEELWOOD RESERVE,2024-02-25,Halls Head 2/90 def WHITE KNIGHTS BALDIVIS COLTS 8/87,,JOE PHILLIPS,,8
2024,Colts,PCA COLTS COMPETITION,PEELWOOD RESERVE,2024-02-25,Halls Head 2/90 def WHITE KNIGHTS BALDIVIS COLTS 8/87,,LOCHLAN HILL,,9
2024,Colts,PCA COLTS COMPETITION,PEELWOOD RESERVE,2024-02-25,Halls Head 2/90 def WHITE KNIGHTS BALDIVIS COLTS 8/87,,OWEN PHELPS,,10
2024,Colts,PCA COLTS COMPETITION,PEELWOOD RESERVE,2024-02-25,Halls Head 2/90 def WHITE KNIGHTS BALDIVIS COLTS 8/87,,TRAVIS CAINE,,11
2024,Colts,PCA COLTS COMPETITION,PEELWOOD RESERVE,2024-02-25,Halls Head 2/90 def WHITE KNIGHTS BALDIVIS COLTS 8/87,,ZACHARY DRECKOW,,12
2024,F Grade,MID-YEAR T20 F GRADE,BALDIVIS DISTRICT SPORTING COMPLEX,2024-12-21,Halls Head 2/140 def WHITE KNIGHTS BALDIVIS T20 F GRADE BLUE 4/111,,ANKIT KUMAR,,1
2024,F Grade,MID-YEAR T20 F GRADE,BALDIVIS DISTRICT SPORTING COMPLEX,2024-12-21,Halls Head 2/140 def WHITE KNIGHTS BALDIVIS T20 F GRADE BLUE 4/111,,ARCHIE NICHOLSON,,2
2024,F Grade,MID-YEAR T20 F GRADE,BALDIVIS DISTRICT SPORTING COMPLEX,2024-12-21,Halls Head 2/140 def WHITE KNIGHTS BALDIVIS T20 F GRADE BLUE 4/111,,DANIEL FOGARTY,,3
2024,F Grade,MID-YEAR T20 F GRADE,BALDIVIS DISTRICT SPORTING COMPLEX,2024-12-21,Halls Head 2/140 def WHITE KNIGHTS BALDIVIS T20 F GRADE BLUE 4/111,,DAVE NICHOLSON,,4
2024,F Grade,MID-YEAR T20 F GRADE,BALDIVIS DISTRICT SPORTING COMPLEX,2024-12-21,Halls Head 2/140 def WHITE KNIGHTS BALDIVIS T20 F GRADE BLUE 4/111,,ETHAN KAVANAGH,,5
2024,F Grade,MID-YEAR T20 F GRADE,BALDIVIS DISTRICT SPORTING COMPLEX,2024-12-21,Halls Head 2/140 def WHITE KNIGHTS BALDIVIS T20 F GRADE BLUE 4/111,,HAYES BULLER,,6
2024,F Grade,MID-YEAR T20 F GRADE,BALDIVIS DISTRICT SPORTING COMPLEX,2024-12-21,Halls Head 2/140 def WHITE KNIGHTS BALDIVIS T20 F GRADE BLUE 4/111,,LOUIE LABROW,,7
2024,F Grade,MID-YEAR T20 F GRADE,BALDIVIS DISTRICT SPORTING COMPLEX,2024-12-21,Halls Head 2/140 def WHITE KNIGHTS BALDIVIS T20 F GRADE BLUE 4/111,,LUKE ASH,,8
2024,F Grade,MID-YEAR T20 F GRADE,BALDIVIS DISTRICT SPORTING COMPLEX,2024-12-21,Halls Head 2/140 def WHITE KNIGHTS BALDIVIS T20 F GRADE BLUE 4/111,,MASON HEAD,,9
2024,F Grade,MID-YEAR T20 F GRADE,BALDIVIS DISTRICT SPORTING COMPLEX,2024-12-21,Halls Head 2/140 def WHITE KNIGHTS BALDIVIS T20 F GRADE BLUE 4/111,,PHILIP HEAD,Yes,10
2024,F Grade,MID-YEAR T20 F GRADE,BALDIVIS DISTRICT SPORTING COMPLEX,2024-12-21,Halls Head 2/140 def WHITE KNIGHTS BALDIVIS T20 F GRADE BLUE 4/111,,SHREYAS DIGHE,,11
2024,F Grade,MID-YEAR T20 F GRADE,BALDIVIS DISTRICT SPORTING COMPLEX,2024-12-21,Halls Head 2/140 def WHITE KNIGHTS BALDIVIS T20 F GRADE BLUE 4/111,,TYLER BACON,,12
2024,PPL,RETRAVISION T20 PEEL PREMIER LEAGUE,PEELWOOD RESERVE OVAL 1,2024-03-05,Halls Head 7/148 def SENIOR MEN PREMIER T20 6/125,,AARON BURRAGE,,1
2024,PPL,RETRAVISION T20 PEEL PREMIER LEAGUE,PEELWOOD RESERVE OVAL 1,2024-03-05,Halls Head 7/148 def SENIOR MEN PREMIER T20 6/125,,ALEX OSBORNE,,2
2024,PPL,RETRAVISION T20 PEEL PREMIER LEAGUE,PEELWOOD RESERVE OVAL 1,2024-03-05,Halls Head 7/148 def SENIOR MEN PREMIER T20 6/125,,ANGUS BEATTIE,,3
2024,PPL,RETRAVISION T20 PEEL PREMIER LEAGUE,PEELWOOD RESERVE OVAL 1,2024-03-05,Halls Head 7/148 def SENIOR MEN PREMIER T20 6/125,,BRYCE JEFFREY,,4
2024,PPL,RETRAVISION T20 PEEL PREMIER LEAGUE,PEELWOOD RESERVE OVAL 1,2024-03-05,Halls Head 7/148 def SENIOR MEN PREMIER T20 6/125,,JACK MANUEL,,5
2024,PPL,RETRAVISION T20 PEEL PREMIER LEAGUE,PEELWOOD RESERVE OVAL 1,2024-03-05,Halls Head 7/148 def SENIOR MEN PREMIER T20 6/125,,JAKE PATTISON,,6
2024,PPL,RETRAVISION T20 PEEL PREMIER LEAGUE,PEELWOOD RESERVE OVAL 1,2024-03-05,Halls Head 7/148 def SENIOR MEN PREMIER T20 6/125,,JAKE WYLLIE,,7
2024,PPL,RETRAVISION T20 PEEL PREMIER LEAGUE,PEELWOOD RESERVE OVAL 1,2024-03-05,Halls Head 7/148 def SENIOR MEN PREMIER T20 6/125,,JAROD LITTLE,,8
2024,PPL,RETRAVISION T20 PEEL PREMIER LEAGUE,PEELWOOD RESERVE OVAL 1,2024-03-05,Halls Head 7/148 def SENIOR MEN PREMIER T20 6/125,,JOSH RUDGE,,9
2024,PPL,RETRAVISION T20 PEEL PREMIER LEAGUE,PEELWOOD RESERVE OVAL 1,2024-03-05,Halls Head 7/148 def SENIOR MEN PREMIER T20 6/125,,KEELAN BEATTIE,,10
2024,PPL,RETRAVISION T20 PEEL PREMIER LEAGUE,PEELWOOD RESERVE OVAL 1,2024-03-05,Halls Head 7/148 def SENIOR MEN PREMIER T20 6/125,,SCOTT MARTIN,,11
2024,PPL,RETRAVISION T20 PEEL PREMIER LEAGUE,PEELWOOD RESERVE OVAL 1,2024-03-05,Halls Head 7/148 def SENIOR MEN PREMIER T20 6/125,,TIMOTHY MILES,,12
2025,B Grade,B GRADE McINTOSH CUP,PEELWOOD RESERVE,2025-03-22,Halls Head 7/215 def SHDCC SENIOR MEN B GRADE 205,Angus Kent,ANGUS KENT,,1
2025,B Grade,B GRADE McINTOSH CUP,PEELWOOD RESERVE,2025-03-22,Halls Head 7/215 def SHDCC SENIOR MEN B GRADE 205,Angus Kent,CRAIG FORD,Yes,2
2025,B Grade,B GRADE McINTOSH CUP,PEELWOOD RESERVE,2025-03-22,Halls Head 7/215 def SHDCC SENIOR MEN B GRADE 205,Angus Kent,HUDSON MALINGRE,,3
2025,B Grade,B GRADE McINTOSH CUP,PEELWOOD RESERVE,2025-03-22,Halls Head 7/215 def SHDCC SENIOR MEN B GRADE 205,Angus Kent,JACOB BARNES,,4
2025,B Grade,B GRADE McINTOSH CUP,PEELWOOD RESERVE,2025-03-22,Halls Head 7/215 def SHDCC SENIOR MEN B GRADE 205,Angus Kent,JAMES SKEELS,,5
2025,B Grade,B GRADE McINTOSH CUP,PEELWOOD RESERVE,2025-03-22,Halls Head 7/215 def SHDCC SENIOR MEN B GRADE 205,Angus Kent,JEFFREY PETRIE,,6
2025,B Grade,B GRADE McINTOSH CUP,PEELWOOD RESERVE,2025-03-22,Halls Head 7/215 def SHDCC SENIOR MEN B GRADE 205,Angus Kent,JOSHUA FOUREZ,,7
2025,B Grade,B GRADE McINTOSH CUP,PEELWOOD RESERVE,2025-03-22,Halls Head 7/215 def SHDCC SENIOR MEN B GRADE 205,Angus Kent,KYLE JEFFREY,,8
2025,B Grade,B GRADE McINTOSH CUP,PEELWOOD RESERVE,2025-03-22,Halls Head 7/215 def SHDCC SENIOR MEN B GRADE 205,Angus Kent,RYLAN ARMS,,9
2025,B Grade,B GRADE McINTOSH CUP,PEELWOOD RESERVE,2025-03-22,Halls Head 7/215 def SHDCC SENIOR MEN B GRADE 205,Angus Kent,THOMAS SMITH,,10
2025,B Grade,B GRADE McINTOSH CUP,PEELWOOD RESERVE,2025-03-22,Halls Head 7/215 def SHDCC SENIOR MEN B GRADE 205,Angus Kent,WES NAIDOO,,11
2025,B Grade,B GRADE McINTOSH CUP,PEELWOOD RESERVE,2025-03-22,Halls Head 7/215 def SHDCC SENIOR MEN B GRADE 205,Angus Kent,ZACHARY DRECKOW,,12
2025,D Grade,MID-YEAR T20 D GRADE,PEELWOOD RESERVE OVAL 2,2025-12-20,Halls Head 5/127 def WHITE KNIGHTS BALDIVIS T20 D GRADE BLUE 2/125,,ALEC SMITH,,1
2025,D Grade,MID-YEAR T20 D GRADE,PEELWOOD RESERVE OVAL 2,2025-12-20,Halls Head 5/127 def WHITE KNIGHTS BALDIVIS T20 D GRADE BLUE 2/125,,CAMERON HILL,,2
2025,D Grade,MID-YEAR T20 D GRADE,PEELWOOD RESERVE OVAL 2,2025-12-20,Halls Head 5/127 def WHITE KNIGHTS BALDIVIS T20 D GRADE BLUE 2/125,,ELIGH FRUNKS,,3
2025,D Grade,MID-YEAR T20 D GRADE,PEELWOOD RESERVE OVAL 2,2025-12-20,Halls Head 5/127 def WHITE KNIGHTS BALDIVIS T20 D GRADE BLUE 2/125,,ELLIOT FOOTE,,4
2025,D Grade,MID-YEAR T20 D GRADE,PEELWOOD RESERVE OVAL 2,2025-12-20,Halls Head 5/127 def WHITE KNIGHTS BALDIVIS T20 D GRADE BLUE 2/125,,GRANT MATTHEWS,,5
2025,D Grade,MID-YEAR T20 D GRADE,PEELWOOD RESERVE OVAL 2,2025-12-20,Halls Head 5/127 def WHITE KNIGHTS BALDIVIS T20 D GRADE BLUE 2/125,,JAKE BENNETT,,6
2025,D Grade,MID-YEAR T20 D GRADE,PEELWOOD RESERVE OVAL 2,2025-12-20,Halls Head 5/127 def WHITE KNIGHTS BALDIVIS T20 D GRADE BLUE 2/125,,JASON YOUNG,,7
2025,D Grade,MID-YEAR T20 D GRADE,PEELWOOD RESERVE OVAL 2,2025-12-20,Halls Head 5/127 def WHITE KNIGHTS BALDIVIS T20 D GRADE BLUE 2/125,,KYLE JEFFREY,,8
2025,D Grade,MID-YEAR T20 D GRADE,PEELWOOD RESERVE OVAL 2,2025-12-20,Halls Head 5/127 def WHITE KNIGHTS BALDIVIS T20 D GRADE BLUE 2/125,,MICHAEL NIVEN,,9
2025,D Grade,MID-YEAR T20 D GRADE,PEELWOOD RESERVE OVAL 2,2025-12-20,Halls Head 5/127 def WHITE KNIGHTS BALDIVIS T20 D GRADE BLUE 2/125,,PETER WALSH,,10
2025,D Grade,MID-YEAR T20 D GRADE,PEELWOOD RESERVE OVAL 2,2025-12-20,Halls Head 5/127 def WHITE KNIGHTS BALDIVIS T20 D GRADE BLUE 2/125,,RUSSELL MOFFAT,,11
2025,D Grade,MID-YEAR T20 D GRADE,PEELWOOD RESERVE OVAL 2,2025-12-20,Halls Head 5/127 def WHITE KNIGHTS BALDIVIS T20 D GRADE BLUE 2/125,,TAJ DePEDRO,,12
2025,Female A Grade,MID-YEAR T20 FEMALE A GRADE,BALDIVIS TURF,2025-12-20,Halls Head 6/100 def WHITE KNIGHTS BALDIVIS T20 FEMALE A 9/76,,AIMEE LATHAM,,1
2025,Female A Grade,MID-YEAR T20 FEMALE A GRADE,BALDIVIS TURF,2025-12-20,Halls Head 6/100 def WHITE KNIGHTS BALDIVIS T20 FEMALE A 9/76,,CHLOE GUYTON,,2
2025,Female A Grade,MID-YEAR T20 FEMALE A GRADE,BALDIVIS TURF,2025-12-20,Halls Head 6/100 def WHITE KNIGHTS BALDIVIS T20 FEMALE A 9/76,,CLAIRE LITCHFIELD,,3
2025,Female A Grade,MID-YEAR T20 FEMALE A GRADE,BALDIVIS TURF,2025-12-20,Halls Head 6/100 def WHITE KNIGHTS BALDIVIS T20 FEMALE A 9/76,,ELLIE LOVELL,,4
2025,Female A Grade,MID-YEAR T20 FEMALE A GRADE,BALDIVIS TURF,2025-12-20,Halls Head 6/100 def WHITE KNIGHTS BALDIVIS T20 FEMALE A 9/76,,EVE POWELL,,5
2025,Female A Grade,MID-YEAR T20 FEMALE A GRADE,BALDIVIS TURF,2025-12-20,Halls Head 6/100 def WHITE KNIGHTS BALDIVIS T20 FEMALE A 9/76,,JESSICA BRADLEY,Yes,6
2025,Female A Grade,MID-YEAR T20 FEMALE A GRADE,BALDIVIS TURF,2025-12-20,Halls Head 6/100 def WHITE KNIGHTS BALDIVIS T20 FEMALE A 9/76,,KAYLEE ASHFORD,,7
2025,Female A Grade,MID-YEAR T20 FEMALE A GRADE,BALDIVIS TURF,2025-12-20,Halls Head 6/100 def WHITE KNIGHTS BALDIVIS T20 FEMALE A 9/76,,SABRINA EVANS,,8
2025,Female A Grade,MID-YEAR T20 FEMALE A GRADE,BALDIVIS TURF,2025-12-20,Halls Head 6/100 def WHITE KNIGHTS BALDIVIS T20 FEMALE A 9/76,,SARA WALSH,,9
2025,Female A Grade,MID-YEAR T20 FEMALE A GRADE,BALDIVIS TURF,2025-12-20,Halls Head 6/100 def WHITE KNIGHTS BALDIVIS T20 FEMALE A 9/76,,SOPHIE TERRELL,,10
2025,Female A Grade,MID-YEAR T20 FEMALE A GRADE,BALDIVIS TURF,2025-12-20,Halls Head 6/100 def WHITE KNIGHTS BALDIVIS T20 FEMALE A 9/76,,TAHLIA HEAD,,11
2025,Female A Grade,MID-YEAR T20 FEMALE A GRADE,BALDIVIS TURF,2025-12-20,Halls Head 6/100 def WHITE KNIGHTS BALDIVIS T20 FEMALE A 9/76,,TIANA ARROWSMITH,,12
2026,B Grade,B GRADE McINTOSH CUP,STAN TWIGHT RESERVE OVAL #2,2026-03-21,Halls Head 6/145 def WHITE KNIGHTS BALDIVIS B GRADE 140,,ANGUS KENT,,1
2026,B Grade,B GRADE McINTOSH CUP,STAN TWIGHT RESERVE OVAL #2,2026-03-21,Halls Head 6/145 def WHITE KNIGHTS BALDIVIS B GRADE 140,,ANTHONY BROKATE,,2
2026,B Grade,B GRADE McINTOSH CUP,STAN TWIGHT RESERVE OVAL #2,2026-03-21,Halls Head 6/145 def WHITE KNIGHTS BALDIVIS B GRADE 140,,CHRIS PHELPS,,3
2026,B Grade,B GRADE McINTOSH CUP,STAN TWIGHT RESERVE OVAL #2,2026-03-21,Halls Head 6/145 def WHITE KNIGHTS BALDIVIS B GRADE 140,,CRAIG FORD,Yes,4
2026,B Grade,B GRADE McINTOSH CUP,STAN TWIGHT RESERVE OVAL #2,2026-03-21,Halls Head 6/145 def WHITE KNIGHTS BALDIVIS B GRADE 140,,FREDDIE HIGTON,,5
2026,B Grade,B GRADE McINTOSH CUP,STAN TWIGHT RESERVE OVAL #2,2026-03-21,Halls Head 6/145 def WHITE KNIGHTS BALDIVIS B GRADE 140,,HUDSON MALINGRE,,6
2026,B Grade,B GRADE McINTOSH CUP,STAN TWIGHT RESERVE OVAL #2,2026-03-21,Halls Head 6/145 def WHITE KNIGHTS BALDIVIS B GRADE 140,,JAMES SKEELS,,7
2026,B Grade,B GRADE McINTOSH CUP,STAN TWIGHT RESERVE OVAL #2,2026-03-21,Halls Head 6/145 def WHITE KNIGHTS BALDIVIS B GRADE 140,,JASON R DAVEY,,8
2026,B Grade,B GRADE McINTOSH CUP,STAN TWIGHT RESERVE OVAL #2,2026-03-21,Halls Head 6/145 def WHITE KNIGHTS BALDIVIS B GRADE 140,,JEFFREY PETRIE,,9
2026,B Grade,B GRADE McINTOSH CUP,STAN TWIGHT RESERVE OVAL #2,2026-03-21,Halls Head 6/145 def WHITE KNIGHTS BALDIVIS B GRADE 140,,OSCAR SMITH,,10
2026,B Grade,B GRADE McINTOSH CUP,STAN TWIGHT RESERVE OVAL #2,2026-03-21,Halls Head 6/145 def WHITE KNIGHTS BALDIVIS B GRADE 140,,RYLAN ARMS,,11
2026,B Grade,B GRADE McINTOSH CUP,STAN TWIGHT RESERVE OVAL #2,2026-03-21,Halls Head 6/145 def WHITE KNIGHTS BALDIVIS B GRADE 140,,ZACHARY DRECKOW,,12
2026,D Grade,D GRADE RITCHIE CUP,RHONDA SCARROTT RESERVE,2026-03-21,Halls Head 5/124 def MCC SENIOR MEN D GRADE 118,Cameron Lucas,ALEC SMITH,,1
2026,D Grade,D GRADE RITCHIE CUP,RHONDA SCARROTT RESERVE,2026-03-21,Halls Head 5/124 def MCC SENIOR MEN D GRADE 118,Cameron Lucas,ARCHIE NICHOLSON,,2
2026,D Grade,D GRADE RITCHIE CUP,RHONDA SCARROTT RESERVE,2026-03-21,Halls Head 5/124 def MCC SENIOR MEN D GRADE 118,Cameron Lucas,CAMERON HILL,,3
2026,D Grade,D GRADE RITCHIE CUP,RHONDA SCARROTT RESERVE,2026-03-21,Halls Head 5/124 def MCC SENIOR MEN D GRADE 118,Cameron Lucas,CAMERON LUCAS,,4
2026,D Grade,D GRADE RITCHIE CUP,RHONDA SCARROTT RESERVE,2026-03-21,Halls Head 5/124 def MCC SENIOR MEN D GRADE 118,Cameron Lucas,CAMPBELL LOCKYER,,5
2026,D Grade,D GRADE RITCHIE CUP,RHONDA SCARROTT RESERVE,2026-03-21,Halls Head 5/124 def MCC SENIOR MEN D GRADE 118,Cameron Lucas,ELLIOT FOOTE,,6
2026,D Grade,D GRADE RITCHIE CUP,RHONDA SCARROTT RESERVE,2026-03-21,Halls Head 5/124 def MCC SENIOR MEN D GRADE 118,Cameron Lucas,GRANT PATTISON,,7
2026,D Grade,D GRADE RITCHIE CUP,RHONDA SCARROTT RESERVE,2026-03-21,Halls Head 5/124 def MCC SENIOR MEN D GRADE 118,Cameron Lucas,HUGO YOUNG,,8
2026,D Grade,D GRADE RITCHIE CUP,RHONDA SCARROTT RESERVE,2026-03-21,Halls Head 5/124 def MCC SENIOR MEN D GRADE 118,Cameron Lucas,KYLE JEFFREY,,9
2026,D Grade,D GRADE RITCHIE CUP,RHONDA SCARROTT RESERVE,2026-03-21,Halls Head 5/124 def MCC SENIOR MEN D GRADE 118,Cameron Lucas,MICHAEL NIVEN,,10
2026,D Grade,D GRADE RITCHIE CUP,RHONDA SCARROTT RESERVE,2026-03-21,Halls Head 5/124 def MCC SENIOR MEN D GRADE 118,Cameron Lucas,RORY COLLINS,,11
2026,D Grade,D GRADE RITCHIE CUP,RHONDA SCARROTT RESERVE,2026-03-21,Halls Head 5/124 def MCC SENIOR MEN D GRADE 118,Cameron Lucas,RUSSELL MOFFAT,Yes,12
2026,E Grade,E GRADE,EAST OVAL - TANGADEE,2026-03-21,Halls Head 6/118 def PINJARRA E GRADE 116,Peter Boyce,BRADLEY LEE,,1
2026,E Grade,E GRADE,EAST OVAL - TANGADEE,2026-03-21,Halls Head 6/118 def PINJARRA E GRADE 116,Peter Boyce,CORBIN LITTLE,,2
2026,E Grade,E GRADE,EAST OVAL - TANGADEE,2026-03-21,Halls Head 6/118 def PINJARRA E GRADE 116,Peter Boyce,DARREN JEFFREY,,3
2026,E Grade,E GRADE,EAST OVAL - TANGADEE,2026-03-21,Halls Head 6/118 def PINJARRA E GRADE 116,Peter Boyce,GEORGE YOUNG,,4
2026,E Grade,E GRADE,EAST OVAL - TANGADEE,2026-03-21,Halls Head 6/118 def PINJARRA E GRADE 116,Peter Boyce,GRANT MATTHEWS,,5
2026,E Grade,E GRADE,EAST OVAL - TANGADEE,2026-03-21,Halls Head 6/118 def PINJARRA E GRADE 116,Peter Boyce,JAKE BENNETT,,6
2026,E Grade,E GRADE,EAST OVAL - TANGADEE,2026-03-21,Halls Head 6/118 def PINJARRA E GRADE 116,Peter Boyce,JASON YOUNG,,7
2026,E Grade,E GRADE,EAST OVAL - TANGADEE,2026-03-21,Halls Head 6/118 def PINJARRA E GRADE 116,Peter Boyce,MATTHEW GUYTON,Yes,8
2026,E Grade,E GRADE,EAST OVAL - TANGADEE,2026-03-21,Halls Head 6/118 def PINJARRA E GRADE 116,Peter Boyce,MICHAEL GRIFFITHS,,9
2026,E Grade,E GRADE,EAST OVAL - TANGADEE,2026-03-21,Halls Head 6/118 def PINJARRA E GRADE 116,Peter Boyce,PETER BOYCE,,10
2026,E Grade,E GRADE,EAST OVAL - TANGADEE,2026-03-21,Halls Head 6/118 def PINJARRA E GRADE 116,Peter Boyce,PETER WALSH,,11
2026,E Grade,E GRADE,EAST OVAL - TANGADEE,2026-03-21,Halls Head 6/118 def PINJARRA E GRADE 116,Peter Boyce,SCOTT MARTIN,,12
2026,Peel Premier League,Grand Final,Peelwood Reserve Turf,2026-03-10,Halls Head 6/167 def Pinjarra 9/137,Timothy Miles,TIMOTHY MILES,,1
2026,Peel Premier League,Grand Final,Peelwood Reserve Turf,2026-03-10,Halls Head 6/167 def Pinjarra 9/137,Timothy Miles,BROCK LARANCE,,2
2026,Peel Premier League,Grand Final,Peelwood Reserve Turf,2026-03-10,Halls Head 6/167 def Pinjarra 9/137,Timothy Miles,DAMIEN BURRAGE,,3
2026,Peel Premier League,Grand Final,Peelwood Reserve Turf,2026-03-10,Halls Head 6/167 def Pinjarra 9/137,Timothy Miles,JACK MANUEL,Yes,4
2026,Peel Premier League,Grand Final,Peelwood Reserve Turf,2026-03-10,Halls Head 6/167 def Pinjarra 9/137,Timothy Miles,JOSH RUDGE,,5
2026,Peel Premier League,Grand Final,Peelwood Reserve Turf,2026-03-10,Halls Head 6/167 def Pinjarra 9/137,Timothy Miles,BEN HIGTON,,6
2026,Peel Premier League,Grand Final,Peelwood Reserve Turf,2026-03-10,Halls Head 6/167 def Pinjarra 9/137,Timothy Miles,JAKE WYLLIE,,7
2026,Peel Premier League,Grand Final,Peelwood Reserve Turf,2026-03-10,Halls Head 6/167 def Pinjarra 9/137,Timothy Miles,JAROD LITTLE,,8
2026,Peel Premier League,Grand Final,Peelwood Reserve Turf,2026-03-10,Halls Head 6/167 def Pinjarra 9/137,Timothy Miles,JETT DEMMERY,,9
2026,Peel Premier League,Grand Final,Peelwood Reserve Turf,2026-03-10,Halls Head 6/167 def Pinjarra 9/137,Timothy Miles,LUCA DOYLE,,10
2026,Peel Premier League,Grand Final,Peelwood Reserve Turf,2026-03-10,Halls Head 6/167 def Pinjarra 9/137,Timothy Miles,MITCHELL FELTON,,11
2026,Peel Premier League,Grand Final,Peelwood Reserve Turf,2026-03-10,Halls Head 6/167 def Pinjarra 9/137,Timothy Miles,JAKE PATTISON,,12
